{
  "LLaMA3Qwen3RAG": {
    "full": {
      "intersection": 35,
      "precision": 87.5,
      "recall": 70.0,
      "f-score": 77.77777777777777,
      "predictions-len": 40,
      "reference-len": 50
    },
    "test": {
      "intersection": 22,
      "precision": 55.00000000000001,
      "recall": 62.857142857142854,
      "f-score": 58.666666666666664,
      "predictions-len": 40,
      "reference-len": 35
    },
    "train": {
      "intersection": 13,
      "precision": 32.5,
      "recall": 86.66666666666667,
      "f-score": 47.27272727272728,
      "predictions-len": 40,
      "reference-len": 15
    }
  },
  "LLaMA3Qwen34BRAG": {
    "full": {
      "intersection": 41,
      "precision": 93.18181818181817,
      "recall": 82.0,
      "f-score": 87.2340425531915,
      "predictions-len": 44,
      "reference-len": 50
    },
    "test": {
      "intersection": 27,
      "precision": 61.36363636363637,
      "recall": 77.14285714285715,
      "f-score": 68.35443037974683,
      "predictions-len": 44,
      "reference-len": 35
    },
    "train": {
      "intersection": 14,
      "precision": 31.818181818181817,
      "recall": 93.33333333333333,
      "f-score": 47.457627118644076,
      "predictions-len": 44,
      "reference-len": 15
    }
  },
  "LLaMA3NemotronRAG": {
    "full": {
      "intersection": 37,
      "precision": 86.04651162790698,
      "recall": 74.0,
      "f-score": 79.56989247311827,
      "predictions-len": 43,
      "reference-len": 50
    },
    "test": {
      "intersection": 25,
      "precision": 58.139534883720934,
      "recall": 71.42857142857143,
      "f-score": 64.1025641025641,
      "predictions-len": 43,
      "reference-len": 35
    },
    "train": {
      "intersection": 12,
      "precision": 27.906976744186046,
      "recall": 80.0,
      "f-score": 41.37931034482758,
      "predictions-len": 43,
      "reference-len": 15
    }
  },
  "LLaMA3EmbeddingGemmaRAG": {
    "full": {
      "intersection": 32,
      "precision": 94.11764705882352,
      "recall": 64.0,
      "f-score": 76.1904761904762,
      "predictions-len": 34,
      "reference-len": 50
    },
    "test": {
      "intersection": 22,
      "precision": 64.70588235294117,
      "recall": 62.857142857142854,
      "f-score": 63.76811594202899,
      "predictions-len": 34,
      "reference-len": 35
    },
    "train": {
      "intersection": 10,
      "precision": 29.411764705882355,
      "recall": 66.66666666666666,
      "f-score": 40.816326530612244,
      "predictions-len": 34,
      "reference-len": 15
    }
  }
}