
Batches:   0%|          | 0/530 [00:00<?, ?it/s]
Batches:   0%|          | 1/530 [00:00<02:18,  3.81it/s]
Batches:   1%|▏         | 7/530 [00:00<00:23, 22.18it/s]
Batches:   2%|▏         | 12/530 [00:00<00:16, 30.88it/s]
Batches:   3%|▎         | 18/530 [00:00<00:13, 38.09it/s]
Batches:   5%|▍         | 24/530 [00:00<00:11, 42.66it/s]
Batches:   6%|▌         | 30/530 [00:00<00:10, 45.67it/s]
Batches:   7%|▋         | 36/530 [00:00<00:10, 47.49it/s]
Batches:   8%|▊         | 42/530 [00:01<00:09, 48.91it/s]
Batches:   9%|▉         | 48/530 [00:01<00:09, 49.73it/s]
Batches:  10%|█         | 54/530 [00:01<00:09, 50.24it/s]
Batches:  11%|█▏        | 60/530 [00:01<00:09, 50.45it/s]
Batches:  12%|█▏        | 66/530 [00:01<00:09, 50.71it/s]
Batches:  14%|█▎        | 72/530 [00:01<00:08, 51.00it/s]
Batches:  15%|█▍        | 78/530 [00:01<00:08, 51.17it/s]
Batches:  16%|█▌        | 84/530 [00:01<00:08, 51.31it/s]
Batches:  17%|█▋        | 90/530 [00:01<00:08, 51.41it/s]
Batches:  18%|█▊        | 96/530 [00:02<00:08, 51.47it/s]
Batches:  19%|█▉        | 102/530 [00:02<00:08, 51.39it/s]
Batches:  20%|██        | 108/530 [00:02<00:08, 51.48it/s]
Batches:  22%|██▏       | 114/530 [00:02<00:08, 51.56it/s]
Batches:  23%|██▎       | 120/530 [00:02<00:07, 51.62it/s]
Batches:  24%|██▍       | 126/530 [00:02<00:09, 44.06it/s]
Batches:  25%|██▍       | 132/530 [00:02<00:08, 46.10it/s]
Batches:  26%|██▌       | 138/530 [00:02<00:08, 47.70it/s]
Batches:  27%|██▋       | 144/530 [00:03<00:07, 48.88it/s]
Batches:  28%|██▊       | 150/530 [00:03<00:07, 49.60it/s]
Batches:  29%|██▉       | 156/530 [00:03<00:07, 50.26it/s]
Batches:  31%|███       | 162/530 [00:03<00:07, 50.71it/s]
Batches:  32%|███▏      | 168/530 [00:03<00:07, 51.07it/s]
Batches:  33%|███▎      | 174/530 [00:03<00:06, 51.27it/s]
Batches:  34%|███▍      | 180/530 [00:03<00:06, 51.46it/s]
Batches:  35%|███▌      | 186/530 [00:03<00:06, 51.61it/s]
Batches:  36%|███▌      | 192/530 [00:04<00:06, 51.59it/s]
Batches:  37%|███▋      | 198/530 [00:04<00:06, 51.66it/s]
Batches:  38%|███▊      | 204/530 [00:04<00:06, 51.71it/s]
Batches:  40%|███▉      | 210/530 [00:04<00:06, 51.77it/s]
Batches:  41%|████      | 216/530 [00:04<00:06, 51.82it/s]
Batches:  42%|████▏     | 222/530 [00:04<00:05, 51.83it/s]
Batches:  43%|████▎     | 228/530 [00:04<00:05, 51.88it/s]
Batches:  44%|████▍     | 234/530 [00:04<00:05, 51.90it/s]
Batches:  45%|████▌     | 240/530 [00:04<00:05, 51.57it/s]
Batches:  46%|████▋     | 246/530 [00:05<00:05, 51.64it/s]
Batches:  48%|████▊     | 252/530 [00:05<00:05, 51.75it/s]
Batches:  49%|████▊     | 258/530 [00:05<00:05, 51.86it/s]
Batches:  50%|████▉     | 264/530 [00:05<00:05, 51.96it/s]
Batches:  51%|█████     | 270/530 [00:05<00:05, 51.91it/s]
Batches:  52%|█████▏    | 276/530 [00:05<00:04, 52.03it/s]
Batches:  53%|█████▎    | 282/530 [00:05<00:04, 52.02it/s]
Batches:  54%|█████▍    | 288/530 [00:05<00:04, 51.74it/s]
Batches:  55%|█████▌    | 294/530 [00:06<00:04, 51.77it/s]
Batches:  57%|█████▋    | 300/530 [00:06<00:04, 51.89it/s]
Batches:  58%|█████▊    | 306/530 [00:06<00:04, 52.06it/s]
Batches:  59%|█████▉    | 312/530 [00:06<00:04, 52.07it/s]
Batches:  60%|██████    | 318/530 [00:06<00:04, 51.96it/s]
Batches:  61%|██████    | 324/530 [00:06<00:03, 52.03it/s]
Batches:  62%|██████▏   | 330/530 [00:06<00:03, 52.11it/s]
Batches:  63%|██████▎   | 336/530 [00:06<00:03, 52.11it/s]
Batches:  65%|██████▍   | 342/530 [00:06<00:03, 52.35it/s]
Batches:  66%|██████▌   | 348/530 [00:07<00:03, 52.45it/s]
Batches:  67%|██████▋   | 354/530 [00:07<00:03, 52.56it/s]
Batches:  68%|██████▊   | 360/530 [00:07<00:03, 52.66it/s]
Batches:  69%|██████▉   | 366/530 [00:07<00:03, 52.48it/s]
Batches:  70%|███████   | 372/530 [00:07<00:03, 52.40it/s]
Batches:  71%|███████▏  | 378/530 [00:07<00:02, 51.95it/s]
Batches:  72%|███████▏  | 384/530 [00:07<00:02, 52.17it/s]
Batches:  74%|███████▎  | 390/530 [00:07<00:02, 52.24it/s]
Batches:  75%|███████▍  | 396/530 [00:07<00:02, 52.34it/s]
Batches:  76%|███████▌  | 402/530 [00:08<00:02, 52.55it/s]
Batches:  77%|███████▋  | 408/530 [00:08<00:02, 52.49it/s]
Batches:  78%|███████▊  | 414/530 [00:08<00:02, 52.34it/s]
Batches:  79%|███████▉  | 420/530 [00:08<00:02, 52.41it/s]
Batches:  80%|████████  | 426/530 [00:08<00:01, 52.50it/s]
Batches:  82%|████████▏ | 432/530 [00:08<00:01, 52.64it/s]
Batches:  83%|████████▎ | 438/530 [00:08<00:01, 52.49it/s]
Batches:  84%|████████▍ | 444/530 [00:08<00:01, 52.42it/s]
Batches:  85%|████████▍ | 450/530 [00:08<00:01, 52.30it/s]
Batches:  86%|████████▌ | 456/530 [00:09<00:01, 52.37it/s]
Batches:  87%|████████▋ | 462/530 [00:09<00:01, 52.23it/s]
Batches:  88%|████████▊ | 468/530 [00:09<00:01, 52.24it/s]
Batches:  89%|████████▉ | 474/530 [00:09<00:01, 52.16it/s]
Batches:  91%|█████████ | 480/530 [00:09<00:00, 52.15it/s]
Batches:  92%|█████████▏| 486/530 [00:09<00:00, 52.09it/s]
Batches:  93%|█████████▎| 492/530 [00:09<00:00, 52.11it/s]
Batches:  94%|█████████▍| 498/530 [00:09<00:00, 52.15it/s]
Batches:  95%|█████████▌| 504/530 [00:10<00:00, 52.11it/s]
Batches:  96%|█████████▌| 510/530 [00:10<00:00, 52.11it/s]
Batches:  97%|█████████▋| 516/530 [00:10<00:00, 52.18it/s]
Batches:  98%|█████████▊| 522/530 [00:10<00:00, 52.24it/s]
Batches: 100%|█████████▉| 528/530 [00:10<00:00, 52.25it/s]
Batches: 100%|██████████| 530/530 [00:10<00:00, 50.33it/s]

Batches:   0%|          | 0/986 [00:00<?, ?it/s]
Batches:   0%|          | 4/986 [00:00<00:24, 39.45it/s]
Batches:   1%|          | 9/986 [00:00<00:23, 41.42it/s]
Batches:   1%|▏         | 14/986 [00:00<00:22, 42.43it/s]
Batches:   2%|▏         | 19/986 [00:00<00:22, 42.91it/s]
Batches:   2%|▏         | 24/986 [00:00<00:22, 43.03it/s]
Batches:   3%|▎         | 29/986 [00:00<00:22, 43.49it/s]
Batches:   3%|▎         | 34/986 [00:00<00:21, 44.54it/s]
Batches:   4%|▍         | 40/986 [00:00<00:20, 46.46it/s]
Batches:   5%|▍         | 45/986 [00:01<00:20, 46.62it/s]
Batches:   5%|▌         | 51/986 [00:01<00:19, 48.17it/s]
Batches:   6%|▌         | 57/986 [00:01<00:18, 49.28it/s]
Batches:   6%|▋         | 63/986 [00:01<00:18, 50.12it/s]
Batches:   7%|▋         | 69/986 [00:01<00:18, 50.64it/s]
Batches:   8%|▊         | 75/986 [00:01<00:17, 50.89it/s]
Batches:   8%|▊         | 81/986 [00:01<00:17, 51.17it/s]
Batches:   9%|▉         | 87/986 [00:01<00:17, 51.38it/s]
Batches:   9%|▉         | 93/986 [00:01<00:17, 51.54it/s]
Batches:  10%|█         | 99/986 [00:02<00:17, 51.64it/s]
Batches:  11%|█         | 105/986 [00:02<00:17, 51.80it/s]
Batches:  11%|█▏        | 111/986 [00:02<00:16, 51.92it/s]
Batches:  12%|█▏        | 117/986 [00:02<00:16, 52.04it/s]
Batches:  12%|█▏        | 123/986 [00:02<00:16, 52.03it/s]
Batches:  13%|█▎        | 129/986 [00:02<00:16, 51.97it/s]
Batches:  14%|█▎        | 135/986 [00:02<00:16, 51.73it/s]
Batches:  14%|█▍        | 141/986 [00:02<00:16, 51.62it/s]
Batches:  15%|█▍        | 147/986 [00:02<00:16, 51.54it/s]
Batches:  16%|█▌        | 153/986 [00:03<00:16, 51.49it/s]
Batches:  16%|█▌        | 159/986 [00:03<00:16, 51.47it/s]
Batches:  17%|█▋        | 165/986 [00:03<00:15, 51.49it/s]
Batches:  17%|█▋        | 171/986 [00:03<00:15, 51.40it/s]
Batches:  18%|█▊        | 177/986 [00:03<00:15, 51.50it/s]
Batches:  19%|█▊        | 183/986 [00:03<00:15, 51.49it/s]
Batches:  19%|█▉        | 189/986 [00:03<00:15, 51.46it/s]
Batches:  20%|█▉        | 195/986 [00:03<00:15, 51.34it/s]
Batches:  20%|██        | 201/986 [00:04<00:15, 51.38it/s]
Batches:  21%|██        | 207/986 [00:04<00:15, 51.37it/s]
Batches:  22%|██▏       | 213/986 [00:04<00:15, 51.41it/s]
Batches:  22%|██▏       | 219/986 [00:04<00:14, 51.38it/s]
Batches:  23%|██▎       | 225/986 [00:04<00:14, 51.38it/s]
Batches:  23%|██▎       | 231/986 [00:04<00:14, 51.43it/s]
Batches:  24%|██▍       | 237/986 [00:04<00:14, 51.45it/s]
Batches:  25%|██▍       | 243/986 [00:04<00:14, 51.43it/s]
Batches:  25%|██▌       | 249/986 [00:04<00:14, 51.45it/s]
Batches:  26%|██▌       | 255/986 [00:05<00:14, 51.46it/s]
Batches:  26%|██▋       | 261/986 [00:05<00:14, 51.47it/s]
Batches:  27%|██▋       | 267/986 [00:05<00:13, 51.40it/s]
Batches:  28%|██▊       | 273/986 [00:05<00:13, 51.41it/s]
Batches:  28%|██▊       | 279/986 [00:05<00:13, 51.44it/s]
Batches:  29%|██▉       | 285/986 [00:05<00:13, 51.50it/s]
Batches:  30%|██▉       | 291/986 [00:05<00:13, 51.43it/s]
Batches:  30%|███       | 297/986 [00:05<00:13, 51.45it/s]
Batches:  31%|███       | 303/986 [00:06<00:13, 51.51it/s]
Batches:  31%|███▏      | 309/986 [00:06<00:13, 51.49it/s]
Batches:  32%|███▏      | 315/986 [00:06<00:13, 51.48it/s]
Batches:  33%|███▎      | 321/986 [00:06<00:12, 51.52it/s]
Batches:  33%|███▎      | 327/986 [00:06<00:12, 51.54it/s]
Batches:  34%|███▍      | 333/986 [00:06<00:12, 51.60it/s]
Batches:  34%|███▍      | 339/986 [00:06<00:12, 51.55it/s]
Batches:  35%|███▍      | 345/986 [00:06<00:12, 51.63it/s]
Batches:  36%|███▌      | 351/986 [00:06<00:12, 51.64it/s]
Batches:  36%|███▌      | 357/986 [00:07<00:12, 51.70it/s]
Batches:  37%|███▋      | 363/986 [00:07<00:12, 51.65it/s]
Batches:  37%|███▋      | 369/986 [00:07<00:11, 51.63it/s]
Batches:  38%|███▊      | 375/986 [00:07<00:11, 51.64it/s]
Batches:  39%|███▊      | 381/986 [00:07<00:11, 51.66it/s]
Batches:  39%|███▉      | 387/986 [00:07<00:11, 51.60it/s]
Batches:  40%|███▉      | 393/986 [00:07<00:11, 51.61it/s]
Batches:  40%|████      | 399/986 [00:07<00:11, 51.63it/s]
Batches:  41%|████      | 405/986 [00:07<00:11, 51.69it/s]
Batches:  42%|████▏     | 411/986 [00:08<00:11, 51.67it/s]
Batches:  42%|████▏     | 417/986 [00:08<00:11, 51.67it/s]
Batches:  43%|████▎     | 423/986 [00:08<00:10, 51.69it/s]
Batches:  44%|████▎     | 429/986 [00:08<00:10, 51.47it/s]
Batches:  44%|████▍     | 435/986 [00:08<00:10, 51.45it/s]
Batches:  45%|████▍     | 441/986 [00:08<00:10, 51.53it/s]
Batches:  45%|████▌     | 447/986 [00:08<00:10, 51.61it/s]
Batches:  46%|████▌     | 453/986 [00:08<00:10, 51.65it/s]
Batches:  47%|████▋     | 459/986 [00:09<00:10, 51.62it/s]
Batches:  47%|████▋     | 465/986 [00:09<00:10, 51.64it/s]
Batches:  48%|████▊     | 471/986 [00:09<00:09, 51.67it/s]
Batches:  48%|████▊     | 477/986 [00:09<00:09, 51.73it/s]
Batches:  49%|████▉     | 483/986 [00:09<00:09, 51.66it/s]
Batches:  50%|████▉     | 489/986 [00:09<00:09, 51.44it/s]
Batches:  50%|█████     | 495/986 [00:09<00:09, 51.57it/s]
Batches:  51%|█████     | 501/986 [00:09<00:09, 51.60it/s]
Batches:  51%|█████▏    | 507/986 [00:09<00:09, 51.62it/s]
Batches:  52%|█████▏    | 513/986 [00:10<00:09, 51.71it/s]
Batches:  53%|█████▎    | 519/986 [00:10<00:09, 51.74it/s]
Batches:  53%|█████▎    | 525/986 [00:10<00:08, 51.77it/s]
Batches:  54%|█████▍    | 531/986 [00:10<00:08, 51.75it/s]
Batches:  54%|█████▍    | 537/986 [00:10<00:08, 51.77it/s]
Batches:  55%|█████▌    | 543/986 [00:10<00:08, 51.78it/s]
Batches:  56%|█████▌    | 549/986 [00:10<00:08, 51.60it/s]
Batches:  56%|█████▋    | 555/986 [00:10<00:08, 51.64it/s]
Batches:  57%|█████▋    | 561/986 [00:11<00:08, 51.68it/s]
Batches:  58%|█████▊    | 567/986 [00:11<00:08, 51.74it/s]
Batches:  58%|█████▊    | 573/986 [00:11<00:07, 51.78it/s]
Batches:  59%|█████▊    | 579/986 [00:11<00:07, 51.75it/s]
Batches:  59%|█████▉    | 585/986 [00:11<00:07, 51.82it/s]
Batches:  60%|█████▉    | 591/986 [00:11<00:07, 51.81it/s]
Batches:  61%|██████    | 597/986 [00:11<00:07, 51.86it/s]
Batches:  61%|██████    | 603/986 [00:11<00:07, 51.71it/s]
Batches:  62%|██████▏   | 609/986 [00:11<00:07, 51.77it/s]
Batches:  62%|██████▏   | 615/986 [00:12<00:07, 51.79it/s]
Batches:  63%|██████▎   | 621/986 [00:12<00:07, 51.86it/s]
Batches:  64%|██████▎   | 627/986 [00:12<00:06, 51.80it/s]
Batches:  64%|██████▍   | 633/986 [00:12<00:06, 51.87it/s]
Batches:  65%|██████▍   | 639/986 [00:12<00:06, 51.95it/s]
Batches:  65%|██████▌   | 645/986 [00:12<00:06, 52.03it/s]
Batches:  66%|██████▌   | 651/986 [00:12<00:06, 51.98it/s]
Batches:  67%|██████▋   | 657/986 [00:12<00:06, 51.85it/s]
Batches:  67%|██████▋   | 663/986 [00:12<00:06, 51.91it/s]
Batches:  68%|██████▊   | 669/986 [00:13<00:06, 51.99it/s]
Batches:  68%|██████▊   | 675/986 [00:13<00:05, 52.16it/s]
Batches:  69%|██████▉   | 681/986 [00:13<00:05, 52.10it/s]
Batches:  70%|██████▉   | 687/986 [00:13<00:05, 52.16it/s]
Batches:  70%|███████   | 693/986 [00:13<00:05, 52.28it/s]
Batches:  71%|███████   | 699/986 [00:13<00:05, 52.27it/s]
Batches:  72%|███████▏  | 705/986 [00:13<00:05, 52.37it/s]
Batches:  72%|███████▏  | 711/986 [00:13<00:05, 52.39it/s]
Batches:  73%|███████▎  | 717/986 [00:14<00:05, 52.58it/s]
Batches:  73%|███████▎  | 723/986 [00:14<00:05, 52.58it/s]
Batches:  74%|███████▍  | 729/986 [00:14<00:04, 52.57it/s]
Batches:  75%|███████▍  | 735/986 [00:14<00:04, 52.47it/s]
Batches:  75%|███████▌  | 741/986 [00:14<00:04, 52.42it/s]
Batches:  76%|███████▌  | 747/986 [00:14<00:04, 52.45it/s]
Batches:  76%|███████▋  | 753/986 [00:14<00:04, 52.44it/s]
Batches:  77%|███████▋  | 759/986 [00:14<00:04, 52.54it/s]
Batches:  78%|███████▊  | 765/986 [00:14<00:04, 52.44it/s]
Batches:  78%|███████▊  | 771/986 [00:15<00:04, 52.33it/s]
Batches:  79%|███████▉  | 777/986 [00:15<00:03, 52.44it/s]
Batches:  79%|███████▉  | 783/986 [00:15<00:03, 52.40it/s]
Batches:  80%|████████  | 789/986 [00:15<00:03, 52.50it/s]
Batches:  81%|████████  | 795/986 [00:15<00:03, 52.57it/s]
Batches:  81%|████████  | 801/986 [00:15<00:03, 52.44it/s]
Batches:  82%|████████▏ | 807/986 [00:15<00:03, 52.48it/s]
Batches:  82%|████████▏ | 813/986 [00:15<00:03, 52.39it/s]
Batches:  83%|████████▎ | 819/986 [00:15<00:03, 52.16it/s]
Batches:  84%|████████▎ | 825/986 [00:16<00:03, 52.09it/s]
Batches:  84%|████████▍ | 831/986 [00:16<00:02, 51.99it/s]
Batches:  85%|████████▍ | 837/986 [00:16<00:02, 51.86it/s]
Batches:  85%|████████▌ | 843/986 [00:16<00:02, 51.85it/s]
Batches:  86%|████████▌ | 849/986 [00:16<00:02, 51.94it/s]
Batches:  87%|████████▋ | 855/986 [00:16<00:02, 51.86it/s]
Batches:  87%|████████▋ | 861/986 [00:16<00:02, 51.90it/s]
Batches:  88%|████████▊ | 867/986 [00:16<00:02, 51.89it/s]
Batches:  89%|████████▊ | 873/986 [00:16<00:02, 51.97it/s]
Batches:  89%|████████▉ | 879/986 [00:17<00:02, 52.00it/s]
Batches:  90%|████████▉ | 885/986 [00:17<00:01, 52.01it/s]
Batches:  90%|█████████ | 891/986 [00:17<00:01, 51.97it/s]
Batches:  91%|█████████ | 897/986 [00:17<00:01, 52.00it/s]
Batches:  92%|█████████▏| 903/986 [00:17<00:01, 52.00it/s]
Batches:  92%|█████████▏| 909/986 [00:17<00:01, 52.01it/s]
Batches:  93%|█████████▎| 915/986 [00:17<00:01, 52.05it/s]
Batches:  93%|█████████▎| 921/986 [00:17<00:01, 52.07it/s]
Batches:  94%|█████████▍| 927/986 [00:18<00:01, 52.11it/s]
Batches:  95%|█████████▍| 933/986 [00:18<00:01, 52.12it/s]
Batches:  95%|█████████▌| 939/986 [00:18<00:00, 52.06it/s]
Batches:  96%|█████████▌| 945/986 [00:18<00:00, 52.06it/s]
Batches:  96%|█████████▋| 951/986 [00:18<00:00, 52.16it/s]
Batches:  97%|█████████▋| 957/986 [00:18<00:00, 52.24it/s]
Batches:  98%|█████████▊| 963/986 [00:18<00:00, 52.19it/s]
Batches:  98%|█████████▊| 969/986 [00:18<00:00, 52.26it/s]
Batches:  99%|█████████▉| 975/986 [00:18<00:00, 52.24it/s]
Batches:  99%|█████████▉| 981/986 [00:19<00:00, 52.25it/s]
Batches: 100%|██████████| 986/986 [00:19<00:00, 51.47it/s]

0it [00:00, ?it/s]
3063it [00:00, 30626.89it/s]
6180it [00:00, 30941.34it/s]
9275it [00:00, 30801.57it/s]
12356it [00:00, 30796.23it/s]
15437it [00:00, 30799.40it/s]
15762it [00:00, 30794.76it/s]

Batches:   0%|          | 0/530 [00:00<?, ?it/s]
Batches:   0%|          | 1/530 [00:00<05:16,  1.67it/s]
Batches:   0%|          | 2/530 [00:00<03:10,  2.78it/s]
Batches:   1%|          | 3/530 [00:00<02:10,  4.04it/s]
Batches:   1%|          | 4/530 [00:01<01:40,  5.23it/s]
Batches:   1%|          | 5/530 [00:01<01:23,  6.31it/s]
Batches:   1%|▏         | 7/530 [00:01<01:00,  8.61it/s]
Batches:   2%|▏         | 9/530 [00:01<00:49, 10.51it/s]
Batches:   2%|▏         | 11/530 [00:01<00:41, 12.36it/s]
Batches:   3%|▎         | 14/530 [00:01<00:34, 14.93it/s]
Batches:   3%|▎         | 17/530 [00:01<00:30, 16.57it/s]
Batches:   4%|▍         | 20/530 [00:01<00:27, 18.62it/s]
Batches:   4%|▍         | 23/530 [00:02<00:25, 20.23it/s]
Batches:   5%|▍         | 26/530 [00:02<00:22, 22.29it/s]
Batches:   5%|▌         | 29/530 [00:02<00:20, 23.99it/s]
Batches:   6%|▌         | 32/530 [00:02<00:19, 25.49it/s]
Batches:   7%|▋         | 36/530 [00:02<00:18, 27.15it/s]
Batches:   8%|▊         | 40/530 [00:02<00:16, 29.15it/s]
Batches:   8%|▊         | 44/530 [00:02<00:15, 30.68it/s]
Batches:   9%|▉         | 48/530 [00:02<00:15, 31.72it/s]
Batches:  10%|▉         | 52/530 [00:02<00:14, 33.57it/s]
Batches:  11%|█         | 56/530 [00:03<00:13, 35.22it/s]
Batches:  11%|█▏        | 60/530 [00:03<00:12, 36.19it/s]
Batches:  12%|█▏        | 65/530 [00:03<00:12, 37.42it/s]
Batches:  13%|█▎        | 70/530 [00:03<00:11, 38.54it/s]
Batches:  14%|█▍        | 75/530 [00:03<00:11, 40.22it/s]
Batches:  15%|█▌        | 80/530 [00:03<00:10, 41.88it/s]
Batches:  16%|█▌        | 85/530 [00:03<00:10, 42.71it/s]
Batches:  17%|█▋        | 91/530 [00:03<00:09, 45.21it/s]
Batches:  18%|█▊        | 96/530 [00:03<00:09, 46.45it/s]
Batches:  19%|█▉        | 102/530 [00:04<00:08, 48.02it/s]
Batches:  20%|██        | 108/530 [00:04<00:08, 48.76it/s]
Batches:  22%|██▏       | 114/530 [00:04<00:08, 49.65it/s]
Batches:  23%|██▎       | 120/530 [00:04<00:08, 50.22it/s]
Batches:  24%|██▍       | 126/530 [00:04<00:07, 50.75it/s]
Batches:  25%|██▍       | 132/530 [00:04<00:07, 51.11it/s]
Batches:  26%|██▌       | 138/530 [00:04<00:07, 51.33it/s]
Batches:  27%|██▋       | 144/530 [00:04<00:07, 51.48it/s]
Batches:  28%|██▊       | 150/530 [00:05<00:07, 51.57it/s]
Batches:  29%|██▉       | 156/530 [00:05<00:07, 51.54it/s]
Batches:  31%|███       | 162/530 [00:05<00:07, 51.59it/s]
Batches:  32%|███▏      | 168/530 [00:05<00:07, 51.47it/s]
Batches:  33%|███▎      | 174/530 [00:05<00:06, 51.49it/s]
Batches:  34%|███▍      | 180/530 [00:05<00:06, 51.61it/s]
Batches:  35%|███▌      | 186/530 [00:05<00:06, 51.59it/s]
Batches:  36%|███▌      | 192/530 [00:05<00:06, 51.53it/s]
Batches:  37%|███▋      | 198/530 [00:05<00:06, 51.51it/s]
Batches:  38%|███▊      | 204/530 [00:06<00:06, 51.49it/s]
Batches:  40%|███▉      | 210/530 [00:06<00:06, 51.44it/s]
Batches:  41%|████      | 216/530 [00:06<00:06, 51.39it/s]
Batches:  42%|████▏     | 222/530 [00:06<00:05, 51.35it/s]
Batches:  43%|████▎     | 228/530 [00:06<00:05, 51.44it/s]
Batches:  44%|████▍     | 234/530 [00:06<00:05, 51.48it/s]
Batches:  45%|████▌     | 240/530 [00:06<00:05, 51.44it/s]
Batches:  46%|████▋     | 246/530 [00:06<00:05, 51.51it/s]
Batches:  48%|████▊     | 252/530 [00:06<00:05, 51.57it/s]
Batches:  49%|████▊     | 258/530 [00:07<00:05, 51.63it/s]
Batches:  50%|████▉     | 264/530 [00:07<00:05, 51.59it/s]
Batches:  51%|█████     | 270/530 [00:07<00:05, 51.62it/s]
Batches:  52%|█████▏    | 276/530 [00:07<00:04, 51.68it/s]
Batches:  53%|█████▎    | 282/530 [00:07<00:04, 51.73it/s]
Batches:  54%|█████▍    | 288/530 [00:07<00:04, 51.61it/s]
Batches:  55%|█████▌    | 294/530 [00:07<00:04, 51.68it/s]
Batches:  57%|█████▋    | 300/530 [00:07<00:04, 51.73it/s]
Batches:  58%|█████▊    | 306/530 [00:08<00:04, 51.78it/s]
Batches:  59%|█████▉    | 312/530 [00:08<00:04, 51.76it/s]
Batches:  60%|██████    | 318/530 [00:08<00:04, 51.81it/s]
Batches:  61%|██████    | 324/530 [00:08<00:03, 51.84it/s]
Batches:  62%|██████▏   | 330/530 [00:08<00:03, 51.88it/s]
Batches:  63%|██████▎   | 336/530 [00:08<00:03, 51.84it/s]
Batches:  65%|██████▍   | 342/530 [00:08<00:03, 51.87it/s]
Batches:  66%|██████▌   | 348/530 [00:08<00:03, 51.87it/s]
Batches:  67%|██████▋   | 354/530 [00:08<00:03, 51.92it/s]
Batches:  68%|██████▊   | 360/530 [00:09<00:03, 51.86it/s]
Batches:  69%|██████▉   | 366/530 [00:09<00:03, 51.87it/s]
Batches:  70%|███████   | 372/530 [00:09<00:03, 51.92it/s]
Batches:  71%|███████▏  | 378/530 [00:09<00:02, 51.95it/s]
Batches:  72%|███████▏  | 384/530 [00:09<00:02, 51.95it/s]
Batches:  74%|███████▎  | 390/530 [00:09<00:02, 52.03it/s]
Batches:  75%|███████▍  | 396/530 [00:09<00:02, 52.09it/s]
Batches:  76%|███████▌  | 402/530 [00:09<00:02, 52.28it/s]
Batches:  77%|███████▋  | 408/530 [00:09<00:02, 52.18it/s]
Batches:  78%|███████▊  | 414/530 [00:10<00:02, 52.36it/s]
Batches:  79%|███████▉  | 420/530 [00:10<00:02, 52.47it/s]
Batches:  80%|████████  | 426/530 [00:10<00:01, 52.53it/s]
Batches:  82%|████████▏ | 432/530 [00:10<00:01, 52.53it/s]
Batches:  83%|████████▎ | 438/530 [00:10<00:01, 52.41it/s]
Batches:  84%|████████▍ | 444/530 [00:10<00:01, 52.51it/s]
Batches:  85%|████████▍ | 450/530 [00:10<00:01, 52.54it/s]
Batches:  86%|████████▌ | 456/530 [00:10<00:01, 52.43it/s]
Batches:  87%|████████▋ | 462/530 [00:11<00:01, 52.33it/s]
Batches:  88%|████████▊ | 468/530 [00:11<00:01, 52.30it/s]
Batches:  89%|████████▉ | 474/530 [00:11<00:01, 52.38it/s]
Batches:  91%|█████████ | 480/530 [00:11<00:00, 52.45it/s]
Batches:  92%|█████████▏| 486/530 [00:11<00:00, 52.43it/s]
Batches:  93%|█████████▎| 492/530 [00:11<00:00, 52.34it/s]
Batches:  94%|█████████▍| 498/530 [00:11<00:00, 52.32it/s]
Batches:  95%|█████████▌| 504/530 [00:11<00:00, 52.21it/s]
Batches:  96%|█████████▌| 510/530 [00:11<00:00, 52.19it/s]
Batches:  97%|█████████▋| 516/530 [00:12<00:00, 52.13it/s]
Batches:  98%|█████████▊| 522/530 [00:12<00:00, 52.13it/s]
Batches: 100%|█████████▉| 528/530 [00:12<00:00, 52.13it/s]
Batches: 100%|██████████| 530/530 [00:12<00:00, 43.02it/s]

Batches:   0%|          | 0/986 [00:00<?, ?it/s]
Batches:   0%|          | 1/986 [00:02<42:12,  2.57s/it]
Batches:   0%|          | 2/986 [00:02<18:26,  1.12s/it]
Batches:   0%|          | 3/986 [00:02<11:10,  1.47it/s]
Batches:   1%|          | 5/986 [00:02<05:32,  2.95it/s]
Batches:   1%|          | 7/986 [00:03<03:29,  4.67it/s]
Batches:   1%|          | 9/986 [00:03<02:45,  5.90it/s]
Batches:   1%|          | 11/986 [00:03<02:13,  7.31it/s]
Batches:   1%|▏         | 14/986 [00:03<01:33, 10.34it/s]
Batches:   2%|▏         | 17/986 [00:03<01:14, 13.02it/s]
Batches:   2%|▏         | 20/986 [00:03<01:02, 15.35it/s]
Batches:   2%|▏         | 23/986 [00:03<00:53, 18.05it/s]
Batches:   3%|▎         | 26/986 [00:04<00:47, 20.31it/s]
Batches:   3%|▎         | 30/986 [00:04<00:40, 23.61it/s]
Batches:   3%|▎         | 34/986 [00:04<00:37, 25.64it/s]
Batches:   4%|▍         | 38/986 [00:04<00:33, 28.46it/s]
Batches:   4%|▍         | 42/986 [00:04<00:31, 29.71it/s]
Batches:   5%|▍         | 46/986 [00:04<00:29, 32.23it/s]
Batches:   5%|▌         | 51/986 [00:04<00:26, 35.07it/s]
Batches:   6%|▌         | 56/986 [00:04<00:24, 37.27it/s]
Batches:   6%|▌         | 61/986 [00:05<00:23, 38.97it/s]
Batches:   7%|▋         | 66/986 [00:05<00:23, 39.76it/s]
Batches:   7%|▋         | 71/986 [00:05<00:22, 39.99it/s]
Batches:   8%|▊         | 76/986 [00:05<00:22, 40.95it/s]
Batches:   8%|▊         | 81/986 [00:05<00:21, 42.61it/s]
Batches:   9%|▊         | 86/986 [00:05<00:20, 43.27it/s]
Batches:   9%|▉         | 91/986 [00:05<00:20, 43.39it/s]
Batches:  10%|▉         | 96/986 [00:05<00:20, 44.09it/s]
Batches:  10%|█         | 101/986 [00:05<00:19, 45.33it/s]
Batches:  11%|█         | 106/986 [00:06<00:19, 45.09it/s]
Batches:  11%|█▏        | 111/986 [00:06<00:19, 45.09it/s]
Batches:  12%|█▏        | 116/986 [00:06<00:19, 45.27it/s]
Batches:  12%|█▏        | 121/986 [00:06<00:19, 43.99it/s]
Batches:  13%|█▎        | 126/986 [00:06<00:18, 45.53it/s]
Batches:  13%|█▎        | 132/986 [00:06<00:18, 47.00it/s]
Batches:  14%|█▍        | 137/986 [00:06<00:17, 47.45it/s]
Batches:  14%|█▍        | 142/986 [00:06<00:17, 48.05it/s]
Batches:  15%|█▌        | 148/986 [00:06<00:17, 48.74it/s]
Batches:  16%|█▌        | 154/986 [00:07<00:16, 49.61it/s]
Batches:  16%|█▌        | 160/986 [00:07<00:16, 50.04it/s]
Batches:  17%|█▋        | 166/986 [00:07<00:16, 50.42it/s]
Batches:  17%|█▋        | 172/986 [00:07<00:16, 50.82it/s]
Batches:  18%|█▊        | 178/986 [00:07<00:15, 51.15it/s]
Batches:  19%|█▊        | 184/986 [00:07<00:15, 51.34it/s]
Batches:  19%|█▉        | 190/986 [00:07<00:15, 51.38it/s]
Batches:  20%|█▉        | 196/986 [00:07<00:15, 51.50it/s]
Batches:  20%|██        | 202/986 [00:07<00:15, 51.51it/s]
Batches:  21%|██        | 208/986 [00:08<00:15, 51.55it/s]
Batches:  22%|██▏       | 214/986 [00:08<00:14, 51.54it/s]
Batches:  22%|██▏       | 220/986 [00:08<00:14, 51.65it/s]
Batches:  23%|██▎       | 226/986 [00:08<00:14, 51.69it/s]
Batches:  24%|██▎       | 232/986 [00:08<00:14, 51.71it/s]
Batches:  24%|██▍       | 238/986 [00:08<00:14, 51.73it/s]
Batches:  25%|██▍       | 244/986 [00:08<00:14, 51.64it/s]
Batches:  25%|██▌       | 250/986 [00:08<00:14, 51.63it/s]
Batches:  26%|██▌       | 256/986 [00:09<00:14, 51.58it/s]
Batches:  27%|██▋       | 262/986 [00:09<00:14, 51.51it/s]
Batches:  27%|██▋       | 268/986 [00:09<00:13, 51.51it/s]
Batches:  28%|██▊       | 274/986 [00:09<00:13, 51.40it/s]
Batches:  28%|██▊       | 280/986 [00:09<00:13, 51.43it/s]
Batches:  29%|██▉       | 286/986 [00:09<00:13, 51.30it/s]
Batches:  30%|██▉       | 292/986 [00:09<00:13, 51.33it/s]
Batches:  30%|███       | 298/986 [00:09<00:13, 51.51it/s]
Batches:  31%|███       | 304/986 [00:09<00:13, 51.43it/s]
Batches:  31%|███▏      | 310/986 [00:10<00:13, 51.32it/s]
Batches:  32%|███▏      | 316/986 [00:10<00:13, 51.38it/s]
Batches:  33%|███▎      | 322/986 [00:10<00:12, 51.38it/s]
Batches:  33%|███▎      | 328/986 [00:10<00:12, 51.32it/s]
Batches:  34%|███▍      | 334/986 [00:10<00:12, 51.26it/s]
Batches:  34%|███▍      | 340/986 [00:10<00:12, 51.24it/s]
Batches:  35%|███▌      | 346/986 [00:10<00:12, 51.26it/s]
Batches:  36%|███▌      | 352/986 [00:10<00:12, 51.34it/s]
Batches:  36%|███▋      | 358/986 [00:11<00:12, 51.17it/s]
Batches:  37%|███▋      | 364/986 [00:11<00:12, 51.19it/s]
Batches:  38%|███▊      | 370/986 [00:11<00:12, 51.24it/s]
Batches:  38%|███▊      | 376/986 [00:11<00:11, 51.27it/s]
Batches:  39%|███▊      | 382/986 [00:11<00:11, 51.21it/s]
Batches:  39%|███▉      | 388/986 [00:11<00:11, 51.24it/s]
Batches:  40%|███▉      | 394/986 [00:11<00:11, 51.31it/s]
Batches:  41%|████      | 400/986 [00:11<00:11, 51.32it/s]
Batches:  41%|████      | 406/986 [00:11<00:11, 51.30it/s]
Batches:  42%|████▏     | 412/986 [00:12<00:11, 51.39it/s]
Batches:  42%|████▏     | 418/986 [00:12<00:11, 51.43it/s]
Batches:  43%|████▎     | 424/986 [00:12<00:10, 51.11it/s]
Batches:  44%|████▎     | 430/986 [00:12<00:10, 51.17it/s]
Batches:  44%|████▍     | 436/986 [00:12<00:10, 51.26it/s]
Batches:  45%|████▍     | 442/986 [00:12<00:10, 51.33it/s]
Batches:  45%|████▌     | 448/986 [00:12<00:10, 51.34it/s]
Batches:  46%|████▌     | 454/986 [00:12<00:10, 51.25it/s]
Batches:  47%|████▋     | 460/986 [00:12<00:10, 51.25it/s]
Batches:  47%|████▋     | 466/986 [00:13<00:10, 51.31it/s]
Batches:  48%|████▊     | 472/986 [00:13<00:10, 51.38it/s]
Batches:  48%|████▊     | 478/986 [00:13<00:09, 51.39it/s]
Batches:  49%|████▉     | 484/986 [00:13<00:09, 51.49it/s]
Batches:  50%|████▉     | 490/986 [00:13<00:09, 51.51it/s]
Batches:  50%|█████     | 496/986 [00:13<00:09, 51.54it/s]
Batches:  51%|█████     | 502/986 [00:13<00:09, 51.47it/s]
Batches:  52%|█████▏    | 508/986 [00:13<00:09, 51.47it/s]
Batches:  52%|█████▏    | 514/986 [00:14<00:09, 51.50it/s]
Batches:  53%|█████▎    | 520/986 [00:14<00:09, 51.52it/s]
Batches:  53%|█████▎    | 526/986 [00:14<00:08, 51.41it/s]
Batches:  54%|█████▍    | 532/986 [00:14<00:08, 51.47it/s]
Batches:  55%|█████▍    | 538/986 [00:14<00:08, 51.50it/s]
Batches:  55%|█████▌    | 544/986 [00:14<00:08, 51.57it/s]
Batches:  56%|█████▌    | 550/986 [00:14<00:08, 51.51it/s]
Batches:  56%|█████▋    | 556/986 [00:14<00:08, 51.52it/s]
Batches:  57%|█████▋    | 562/986 [00:14<00:08, 51.55it/s]
Batches:  58%|█████▊    | 568/986 [00:15<00:08, 51.59it/s]
Batches:  58%|█████▊    | 574/986 [00:15<00:07, 51.50it/s]
Batches:  59%|█████▉    | 580/986 [00:15<00:07, 51.56it/s]
Batches:  59%|█████▉    | 586/986 [00:15<00:07, 51.61it/s]
Batches:  60%|██████    | 592/986 [00:15<00:07, 51.65it/s]
Batches:  61%|██████    | 598/986 [00:15<00:07, 51.63it/s]
Batches:  61%|██████▏   | 604/986 [00:15<00:07, 51.65it/s]
Batches:  62%|██████▏   | 610/986 [00:15<00:07, 51.71it/s]
Batches:  62%|██████▏   | 616/986 [00:16<00:07, 51.73it/s]
Batches:  63%|██████▎   | 622/986 [00:16<00:07, 51.70it/s]
Batches:  64%|██████▎   | 628/986 [00:16<00:06, 51.75it/s]
Batches:  64%|██████▍   | 634/986 [00:16<00:06, 51.79it/s]
Batches:  65%|██████▍   | 640/986 [00:16<00:06, 51.83it/s]
Batches:  66%|██████▌   | 646/986 [00:16<00:06, 51.73it/s]
Batches:  66%|██████▌   | 652/986 [00:16<00:06, 51.74it/s]
Batches:  67%|██████▋   | 658/986 [00:16<00:06, 51.69it/s]
Batches:  67%|██████▋   | 664/986 [00:16<00:06, 51.69it/s]
Batches:  68%|██████▊   | 670/986 [00:17<00:06, 51.69it/s]
Batches:  69%|██████▊   | 676/986 [00:17<00:05, 51.71it/s]
Batches:  69%|██████▉   | 682/986 [00:17<00:05, 51.71it/s]
Batches:  70%|██████▉   | 688/986 [00:17<00:05, 51.69it/s]
Batches:  70%|███████   | 694/986 [00:17<00:05, 51.65it/s]
Batches:  71%|███████   | 700/986 [00:17<00:05, 51.72it/s]
Batches:  72%|███████▏  | 706/986 [00:17<00:05, 51.76it/s]
Batches:  72%|███████▏  | 712/986 [00:17<00:05, 51.79it/s]
Batches:  73%|███████▎  | 718/986 [00:17<00:05, 51.87it/s]
Batches:  73%|███████▎  | 724/986 [00:18<00:05, 51.88it/s]
Batches:  74%|███████▍  | 730/986 [00:18<00:04, 51.93it/s]
Batches:  75%|███████▍  | 736/986 [00:18<00:04, 51.95it/s]
Batches:  75%|███████▌  | 742/986 [00:18<00:04, 51.85it/s]
Batches:  76%|███████▌  | 748/986 [00:18<00:04, 52.11it/s]
Batches:  76%|███████▋  | 754/986 [00:18<00:04, 52.06it/s]
Batches:  77%|███████▋  | 760/986 [00:18<00:04, 52.04it/s]
Batches:  78%|███████▊  | 766/986 [00:18<00:04, 52.11it/s]
Batches:  78%|███████▊  | 772/986 [00:19<00:04, 52.11it/s]
Batches:  79%|███████▉  | 778/986 [00:19<00:03, 52.26it/s]
Batches:  80%|███████▉  | 784/986 [00:19<00:03, 52.41it/s]
Batches:  80%|████████  | 790/986 [00:19<00:03, 52.38it/s]
Batches:  81%|████████  | 796/986 [00:19<00:03, 52.45it/s]
Batches:  81%|████████▏ | 802/986 [00:19<00:03, 52.37it/s]
Batches:  82%|████████▏ | 808/986 [00:19<00:03, 52.38it/s]
Batches:  83%|████████▎ | 814/986 [00:19<00:03, 52.24it/s]
Batches:  83%|████████▎ | 820/986 [00:19<00:03, 52.36it/s]
Batches:  84%|████████▍ | 826/986 [00:20<00:03, 52.32it/s]
Batches:  84%|████████▍ | 832/986 [00:20<00:02, 52.28it/s]
Batches:  85%|████████▍ | 838/986 [00:20<00:02, 52.46it/s]
Batches:  86%|████████▌ | 844/986 [00:20<00:02, 52.56it/s]
Batches:  86%|████████▌ | 850/986 [00:20<00:02, 52.59it/s]
Batches:  87%|████████▋ | 856/986 [00:20<00:02, 52.59it/s]
Batches:  87%|████████▋ | 862/986 [00:20<00:02, 52.16it/s]
Batches:  88%|████████▊ | 868/986 [00:20<00:02, 52.03it/s]
Batches:  89%|████████▊ | 874/986 [00:20<00:02, 51.95it/s]
Batches:  89%|████████▉ | 880/986 [00:21<00:02, 51.95it/s]
Batches:  90%|████████▉ | 886/986 [00:21<00:01, 51.87it/s]
Batches:  90%|█████████ | 892/986 [00:21<00:01, 51.93it/s]
Batches:  91%|█████████ | 898/986 [00:21<00:01, 51.92it/s]
Batches:  92%|█████████▏| 904/986 [00:21<00:01, 51.96it/s]
Batches:  92%|█████████▏| 910/986 [00:21<00:01, 51.91it/s]
Batches:  93%|█████████▎| 916/986 [00:21<00:01, 51.97it/s]
Batches:  94%|█████████▎| 922/986 [00:21<00:01, 51.96it/s]
Batches:  94%|█████████▍| 928/986 [00:22<00:01, 52.01it/s]
Batches:  95%|█████████▍| 934/986 [00:22<00:01, 51.95it/s]
Batches:  95%|█████████▌| 940/986 [00:22<00:00, 51.93it/s]
Batches:  96%|█████████▌| 946/986 [00:22<00:00, 51.92it/s]
Batches:  97%|█████████▋| 952/986 [00:22<00:00, 51.56it/s]
Batches:  97%|█████████▋| 958/986 [00:22<00:00, 51.54it/s]
Batches:  98%|█████████▊| 964/986 [00:22<00:00, 51.65it/s]
Batches:  98%|█████████▊| 970/986 [00:22<00:00, 51.97it/s]
Batches:  99%|█████████▉| 976/986 [00:22<00:00, 52.10it/s]
Batches: 100%|█████████▉| 982/986 [00:23<00:00, 52.05it/s]
Batches: 100%|██████████| 986/986 [00:23<00:00, 42.62it/s]

0it [00:00, ?it/s]
3011it [00:00, 30099.98it/s]
6073it [00:00, 30401.59it/s]
9119it [00:00, 30427.01it/s]
12162it [00:00, 15453.98it/s]
15231it [00:00, 18845.44it/s]
15762it [00:00, 20657.60it/s]

Batches:   0%|          | 0/530 [00:00<?, ?it/s]
Batches:   1%|          | 4/530 [00:00<00:14, 36.61it/s]
Batches:   2%|▏         | 9/530 [00:00<00:13, 39.03it/s]
Batches:   3%|▎         | 14/530 [00:00<00:12, 40.53it/s]
Batches:   4%|▎         | 19/530 [00:00<00:12, 41.85it/s]
Batches:   5%|▍         | 24/530 [00:00<00:11, 42.82it/s]
Batches:   5%|▌         | 29/530 [00:00<00:11, 43.21it/s]
Batches:   6%|▋         | 34/530 [00:00<00:11, 43.64it/s]
Batches:   7%|▋         | 39/530 [00:00<00:11, 43.68it/s]
Batches:   8%|▊         | 44/530 [00:01<00:10, 44.39it/s]
Batches:   9%|▉         | 49/530 [00:01<00:10, 44.35it/s]
Batches:  10%|█         | 54/530 [00:01<00:10, 45.20it/s]
Batches:  11%|█         | 59/530 [00:01<00:10, 45.13it/s]
Batches:  12%|█▏        | 64/530 [00:01<00:10, 45.35it/s]
Batches:  13%|█▎        | 69/530 [00:01<00:10, 45.88it/s]
Batches:  14%|█▍        | 74/530 [00:01<00:09, 46.34it/s]
Batches:  15%|█▍        | 79/530 [00:01<00:09, 46.96it/s]
Batches:  16%|█▌        | 84/530 [00:01<00:09, 47.70it/s]
Batches:  17%|█▋        | 90/530 [00:01<00:09, 48.72it/s]
Batches:  18%|█▊        | 96/530 [00:02<00:08, 49.49it/s]
Batches:  19%|█▉        | 101/530 [00:02<00:08, 49.58it/s]
Batches:  20%|██        | 106/530 [00:02<00:08, 49.60it/s]
Batches:  21%|██        | 111/530 [00:02<00:08, 49.66it/s]
Batches:  22%|██▏       | 117/530 [00:02<00:08, 50.12it/s]
Batches:  23%|██▎       | 123/530 [00:02<00:08, 50.46it/s]
Batches:  24%|██▍       | 129/530 [00:02<00:07, 50.66it/s]
Batches:  25%|██▌       | 135/530 [00:02<00:07, 50.13it/s]
Batches:  27%|██▋       | 141/530 [00:03<00:07, 50.41it/s]
Batches:  28%|██▊       | 147/530 [00:03<00:07, 50.64it/s]
Batches:  29%|██▉       | 153/530 [00:03<00:07, 50.89it/s]
Batches:  30%|███       | 159/530 [00:03<00:07, 51.07it/s]
Batches:  31%|███       | 165/530 [00:03<00:07, 51.29it/s]
Batches:  32%|███▏      | 171/530 [00:03<00:06, 51.42it/s]
Batches:  33%|███▎      | 177/530 [00:03<00:06, 51.45it/s]
Batches:  35%|███▍      | 183/530 [00:03<00:06, 51.48it/s]
Batches:  36%|███▌      | 189/530 [00:03<00:06, 51.58it/s]
Batches:  37%|███▋      | 195/530 [00:04<00:06, 51.54it/s]
Batches:  38%|███▊      | 201/530 [00:04<00:06, 51.58it/s]
Batches:  39%|███▉      | 207/530 [00:04<00:06, 51.63it/s]
Batches:  40%|████      | 213/530 [00:04<00:06, 51.68it/s]
Batches:  41%|████▏     | 219/530 [00:04<00:06, 51.66it/s]
Batches:  42%|████▏     | 225/530 [00:04<00:05, 51.73it/s]
Batches:  44%|████▎     | 231/530 [00:04<00:05, 51.69it/s]
Batches:  45%|████▍     | 237/530 [00:04<00:05, 51.74it/s]
Batches:  46%|████▌     | 243/530 [00:04<00:05, 51.84it/s]
Batches:  47%|████▋     | 249/530 [00:05<00:05, 51.89it/s]
Batches:  48%|████▊     | 255/530 [00:05<00:05, 51.85it/s]
Batches:  49%|████▉     | 261/530 [00:05<00:05, 51.89it/s]
Batches:  50%|█████     | 267/530 [00:05<00:05, 51.98it/s]
Batches:  52%|█████▏    | 273/530 [00:05<00:04, 52.04it/s]
Batches:  53%|█████▎    | 279/530 [00:05<00:04, 51.92it/s]
Batches:  54%|█████▍    | 285/530 [00:05<00:04, 51.86it/s]
Batches:  55%|█████▍    | 291/530 [00:05<00:04, 51.88it/s]
Batches:  56%|█████▌    | 297/530 [00:06<00:04, 52.01it/s]
Batches:  57%|█████▋    | 303/530 [00:06<00:04, 51.93it/s]
Batches:  58%|█████▊    | 309/530 [00:06<00:04, 51.86it/s]
Batches:  59%|█████▉    | 315/530 [00:06<00:04, 51.85it/s]
Batches:  61%|██████    | 321/530 [00:06<00:04, 51.87it/s]
Batches:  62%|██████▏   | 327/530 [00:06<00:03, 51.83it/s]
Batches:  63%|██████▎   | 333/530 [00:06<00:03, 51.72it/s]
Batches:  64%|██████▍   | 339/530 [00:06<00:03, 51.85it/s]
Batches:  65%|██████▌   | 345/530 [00:06<00:03, 51.90it/s]
Batches:  66%|██████▌   | 351/530 [00:07<00:03, 51.79it/s]
Batches:  67%|██████▋   | 357/530 [00:07<00:03, 51.78it/s]
Batches:  68%|██████▊   | 363/530 [00:07<00:03, 51.75it/s]
Batches:  70%|██████▉   | 369/530 [00:07<00:03, 51.67it/s]
Batches:  71%|███████   | 375/530 [00:07<00:03, 51.58it/s]
Batches:  72%|███████▏  | 381/530 [00:07<00:02, 51.65it/s]
Batches:  73%|███████▎  | 387/530 [00:07<00:02, 51.65it/s]
Batches:  74%|███████▍  | 393/530 [00:07<00:02, 51.60it/s]
Batches:  75%|███████▌  | 399/530 [00:07<00:02, 51.59it/s]
Batches:  76%|███████▋  | 405/530 [00:08<00:02, 51.62it/s]
Batches:  78%|███████▊  | 411/530 [00:08<00:02, 51.57it/s]
Batches:  79%|███████▊  | 417/530 [00:08<00:02, 51.61it/s]
Batches:  80%|███████▉  | 423/530 [00:08<00:02, 51.58it/s]
Batches:  81%|████████  | 429/530 [00:08<00:01, 51.58it/s]
Batches:  82%|████████▏ | 435/530 [00:08<00:01, 51.66it/s]
Batches:  83%|████████▎ | 441/530 [00:08<00:01, 51.62it/s]
Batches:  84%|████████▍ | 447/530 [00:08<00:01, 51.55it/s]
Batches:  85%|████████▌ | 453/530 [00:09<00:01, 51.56it/s]
Batches:  87%|████████▋ | 459/530 [00:09<00:01, 51.56it/s]
Batches:  88%|████████▊ | 465/530 [00:09<00:01, 51.59it/s]
Batches:  89%|████████▉ | 471/530 [00:09<00:01, 51.57it/s]
Batches:  90%|█████████ | 477/530 [00:09<00:01, 51.59it/s]
Batches:  91%|█████████ | 483/530 [00:09<00:00, 51.62it/s]
Batches:  92%|█████████▏| 489/530 [00:09<00:00, 51.66it/s]
Batches:  93%|█████████▎| 495/530 [00:09<00:00, 51.68it/s]
Batches:  95%|█████████▍| 501/530 [00:09<00:00, 51.73it/s]
Batches:  96%|█████████▌| 507/530 [00:10<00:00, 51.77it/s]
Batches:  97%|█████████▋| 513/530 [00:10<00:00, 51.82it/s]
Batches:  98%|█████████▊| 519/530 [00:10<00:00, 51.83it/s]
Batches:  99%|█████████▉| 525/530 [00:10<00:00, 51.85it/s]
Batches: 100%|██████████| 530/530 [00:10<00:00, 50.34it/s]

Batches:   0%|          | 0/986 [00:00<?, ?it/s]
Batches:   0%|          | 4/986 [00:00<00:29, 33.48it/s]
Batches:   1%|          | 8/986 [00:00<00:26, 36.80it/s]
Batches:   1%|▏         | 13/986 [00:00<00:24, 39.30it/s]
Batches:   2%|▏         | 18/986 [00:00<00:23, 41.13it/s]
Batches:   2%|▏         | 23/986 [00:00<00:22, 42.00it/s]
Batches:   3%|▎         | 28/986 [00:00<00:22, 42.89it/s]
Batches:   3%|▎         | 33/986 [00:00<00:21, 44.17it/s]
Batches:   4%|▍         | 38/986 [00:00<00:21, 43.28it/s]
Batches:   4%|▍         | 43/986 [00:01<00:21, 43.84it/s]
Batches:   5%|▍         | 48/986 [00:01<00:21, 44.36it/s]
Batches:   5%|▌         | 53/986 [00:01<00:21, 43.90it/s]
Batches:   6%|▌         | 58/986 [00:01<00:21, 43.96it/s]
Batches:   6%|▋         | 63/986 [00:01<00:20, 44.72it/s]
Batches:   7%|▋         | 68/986 [00:01<00:20, 45.75it/s]
Batches:   7%|▋         | 73/986 [00:01<00:19, 46.76it/s]
Batches:   8%|▊         | 78/986 [00:01<00:19, 46.79it/s]
Batches:   8%|▊         | 83/986 [00:01<00:19, 46.93it/s]
Batches:   9%|▉         | 88/986 [00:01<00:19, 46.92it/s]
Batches:   9%|▉         | 93/986 [00:02<00:19, 45.58it/s]
Batches:  10%|▉         | 98/986 [00:02<00:19, 45.33it/s]
Batches:  10%|█         | 103/986 [00:02<00:19, 44.91it/s]
Batches:  11%|█         | 108/986 [00:02<00:19, 45.82it/s]
Batches:  11%|█▏        | 113/986 [00:02<00:18, 46.47it/s]
Batches:  12%|█▏        | 118/986 [00:02<00:18, 47.36it/s]
Batches:  12%|█▏        | 123/986 [00:02<00:18, 47.25it/s]
Batches:  13%|█▎        | 128/986 [00:02<00:18, 47.56it/s]
Batches:  14%|█▎        | 134/986 [00:02<00:17, 48.73it/s]
Batches:  14%|█▍        | 139/986 [00:03<00:17, 48.98it/s]
Batches:  15%|█▍        | 145/986 [00:03<00:17, 49.33it/s]
Batches:  15%|█▌        | 150/986 [00:03<00:17, 48.67it/s]
Batches:  16%|█▌        | 155/986 [00:03<00:16, 48.91it/s]
Batches:  16%|█▌        | 160/986 [00:03<00:16, 49.14it/s]
Batches:  17%|█▋        | 166/986 [00:03<00:16, 49.96it/s]
Batches:  17%|█▋        | 172/986 [00:03<00:16, 50.52it/s]
Batches:  18%|█▊        | 178/986 [00:03<00:16, 50.46it/s]
Batches:  19%|█▊        | 184/986 [00:03<00:15, 50.35it/s]
Batches:  19%|█▉        | 190/986 [00:04<00:15, 49.95it/s]
Batches:  20%|█▉        | 196/986 [00:04<00:15, 50.04it/s]
Batches:  20%|██        | 202/986 [00:04<00:15, 50.57it/s]
Batches:  21%|██        | 208/986 [00:04<00:15, 50.86it/s]
Batches:  22%|██▏       | 214/986 [00:04<00:15, 51.07it/s]
Batches:  22%|██▏       | 220/986 [00:04<00:15, 50.94it/s]
Batches:  23%|██▎       | 226/986 [00:04<00:14, 51.22it/s]
Batches:  24%|██▎       | 232/986 [00:04<00:14, 51.32it/s]
Batches:  24%|██▍       | 238/986 [00:05<00:14, 51.48it/s]
Batches:  25%|██▍       | 244/986 [00:05<00:14, 51.57it/s]
Batches:  25%|██▌       | 250/986 [00:05<00:14, 51.61it/s]
Batches:  26%|██▌       | 256/986 [00:05<00:14, 51.61it/s]
Batches:  27%|██▋       | 262/986 [00:05<00:14, 51.70it/s]
Batches:  27%|██▋       | 268/986 [00:05<00:13, 51.71it/s]
Batches:  28%|██▊       | 274/986 [00:05<00:13, 51.72it/s]
Batches:  28%|██▊       | 280/986 [00:05<00:13, 51.68it/s]
Batches:  29%|██▉       | 286/986 [00:05<00:13, 51.72it/s]
Batches:  30%|██▉       | 292/986 [00:06<00:13, 51.82it/s]
Batches:  30%|███       | 298/986 [00:06<00:13, 51.85it/s]
Batches:  31%|███       | 304/986 [00:06<00:13, 51.70it/s]
Batches:  31%|███▏      | 310/986 [00:06<00:13, 51.78it/s]
Batches:  32%|███▏      | 316/986 [00:06<00:12, 51.87it/s]
Batches:  33%|███▎      | 322/986 [00:06<00:12, 51.14it/s]
Batches:  33%|███▎      | 328/986 [00:06<00:12, 51.28it/s]
Batches:  34%|███▍      | 334/986 [00:06<00:12, 51.13it/s]
Batches:  34%|███▍      | 340/986 [00:07<00:12, 51.41it/s]
Batches:  35%|███▌      | 346/986 [00:07<00:12, 51.51it/s]
Batches:  36%|███▌      | 352/986 [00:07<00:12, 51.56it/s]
Batches:  36%|███▋      | 358/986 [00:07<00:12, 51.70it/s]
Batches:  37%|███▋      | 364/986 [00:07<00:12, 51.74it/s]
Batches:  38%|███▊      | 370/986 [00:07<00:11, 51.68it/s]
Batches:  38%|███▊      | 376/986 [00:07<00:11, 51.54it/s]
Batches:  39%|███▊      | 382/986 [00:07<00:11, 51.71it/s]
Batches:  39%|███▉      | 388/986 [00:07<00:11, 51.60it/s]
Batches:  40%|███▉      | 394/986 [00:08<00:11, 51.51it/s]
Batches:  41%|████      | 400/986 [00:08<00:11, 51.52it/s]
Batches:  41%|████      | 406/986 [00:08<00:11, 51.50it/s]
Batches:  42%|████▏     | 412/986 [00:08<00:11, 51.09it/s]
Batches:  42%|████▏     | 418/986 [00:08<00:11, 51.20it/s]
Batches:  43%|████▎     | 424/986 [00:08<00:10, 51.27it/s]
Batches:  44%|████▎     | 430/986 [00:08<00:10, 51.34it/s]
Batches:  44%|████▍     | 436/986 [00:08<00:10, 51.43it/s]
Batches:  45%|████▍     | 442/986 [00:08<00:10, 51.51it/s]
Batches:  45%|████▌     | 448/986 [00:09<00:10, 51.49it/s]
Batches:  46%|████▌     | 454/986 [00:09<00:10, 51.51it/s]
Batches:  47%|████▋     | 460/986 [00:09<00:10, 51.16it/s]
Batches:  47%|████▋     | 466/986 [00:09<00:10, 51.29it/s]
Batches:  48%|████▊     | 472/986 [00:09<00:10, 51.24it/s]
Batches:  48%|████▊     | 478/986 [00:09<00:09, 51.37it/s]
Batches:  49%|████▉     | 484/986 [00:09<00:09, 51.39it/s]
Batches:  50%|████▉     | 490/986 [00:09<00:09, 51.44it/s]
Batches:  50%|█████     | 496/986 [00:10<00:09, 51.37it/s]
Batches:  51%|█████     | 502/986 [00:10<00:09, 51.34it/s]
Batches:  52%|█████▏    | 508/986 [00:10<00:09, 51.38it/s]
Batches:  52%|█████▏    | 514/986 [00:10<00:09, 51.45it/s]
Batches:  53%|█████▎    | 520/986 [00:10<00:09, 51.39it/s]
Batches:  53%|█████▎    | 526/986 [00:10<00:09, 51.09it/s]
Batches:  54%|█████▍    | 532/986 [00:10<00:08, 51.24it/s]
Batches:  55%|█████▍    | 538/986 [00:10<00:08, 51.40it/s]
Batches:  55%|█████▌    | 544/986 [00:10<00:08, 51.29it/s]
Batches:  56%|█████▌    | 550/986 [00:11<00:08, 51.36it/s]
Batches:  56%|█████▋    | 556/986 [00:11<00:08, 51.05it/s]
Batches:  57%|█████▋    | 562/986 [00:11<00:08, 51.19it/s]
Batches:  58%|█████▊    | 568/986 [00:11<00:08, 51.24it/s]
Batches:  58%|█████▊    | 574/986 [00:11<00:08, 51.34it/s]
Batches:  59%|█████▉    | 580/986 [00:11<00:07, 51.34it/s]
Batches:  59%|█████▉    | 586/986 [00:11<00:07, 51.34it/s]
Batches:  60%|██████    | 592/986 [00:11<00:07, 51.30it/s]
Batches:  61%|██████    | 598/986 [00:12<00:07, 51.35it/s]
Batches:  61%|██████▏   | 604/986 [00:12<00:07, 51.38it/s]
Batches:  62%|██████▏   | 610/986 [00:12<00:07, 51.38it/s]
Batches:  62%|██████▏   | 616/986 [00:12<00:07, 51.34it/s]
Batches:  63%|██████▎   | 622/986 [00:12<00:07, 51.43it/s]
Batches:  64%|██████▎   | 628/986 [00:12<00:06, 51.49it/s]
Batches:  64%|██████▍   | 634/986 [00:12<00:06, 51.50it/s]
Batches:  65%|██████▍   | 640/986 [00:12<00:06, 51.48it/s]
Batches:  66%|██████▌   | 646/986 [00:12<00:06, 51.50it/s]
Batches:  66%|██████▌   | 652/986 [00:13<00:06, 51.52it/s]
Batches:  67%|██████▋   | 658/986 [00:13<00:06, 51.60it/s]
Batches:  67%|██████▋   | 664/986 [00:13<00:06, 51.55it/s]
Batches:  68%|██████▊   | 670/986 [00:13<00:06, 51.52it/s]
Batches:  69%|██████▊   | 676/986 [00:13<00:06, 51.53it/s]
Batches:  69%|██████▉   | 682/986 [00:13<00:05, 51.55it/s]
Batches:  70%|██████▉   | 688/986 [00:13<00:05, 51.53it/s]
Batches:  70%|███████   | 694/986 [00:13<00:05, 51.58it/s]
Batches:  71%|███████   | 700/986 [00:14<00:05, 51.61it/s]
Batches:  72%|███████▏  | 706/986 [00:14<00:05, 51.71it/s]
Batches:  72%|███████▏  | 712/986 [00:14<00:05, 51.65it/s]
Batches:  73%|███████▎  | 718/986 [00:14<00:05, 51.67it/s]
Batches:  73%|███████▎  | 724/986 [00:14<00:05, 51.68it/s]
Batches:  74%|███████▍  | 730/986 [00:14<00:04, 51.72it/s]
Batches:  75%|███████▍  | 736/986 [00:14<00:04, 51.65it/s]
Batches:  75%|███████▌  | 742/986 [00:14<00:04, 51.71it/s]
Batches:  76%|███████▌  | 748/986 [00:14<00:04, 51.74it/s]
Batches:  76%|███████▋  | 754/986 [00:15<00:04, 51.72it/s]
Batches:  77%|███████▋  | 760/986 [00:15<00:04, 51.68it/s]
Batches:  78%|███████▊  | 766/986 [00:15<00:04, 51.80it/s]
Batches:  78%|███████▊  | 772/986 [00:15<00:04, 51.81it/s]
Batches:  79%|███████▉  | 778/986 [00:15<00:04, 51.84it/s]
Batches:  80%|███████▉  | 784/986 [00:15<00:03, 51.72it/s]
Batches:  80%|████████  | 790/986 [00:15<00:03, 51.79it/s]
Batches:  81%|████████  | 796/986 [00:15<00:03, 51.72it/s]
Batches:  81%|████████▏ | 802/986 [00:15<00:03, 51.72it/s]
Batches:  82%|████████▏ | 808/986 [00:16<00:03, 51.69it/s]
Batches:  83%|████████▎ | 814/986 [00:16<00:03, 51.78it/s]
Batches:  83%|████████▎ | 820/986 [00:16<00:03, 51.81it/s]
Batches:  84%|████████▍ | 826/986 [00:16<00:03, 51.84it/s]
Batches:  84%|████████▍ | 832/986 [00:16<00:02, 51.79it/s]
Batches:  85%|████████▍ | 838/986 [00:16<00:02, 51.83it/s]
Batches:  86%|████████▌ | 844/986 [00:16<00:02, 51.86it/s]
Batches:  86%|████████▌ | 850/986 [00:16<00:02, 51.87it/s]
Batches:  87%|████████▋ | 856/986 [00:17<00:02, 51.84it/s]
Batches:  87%|████████▋ | 862/986 [00:17<00:02, 51.83it/s]
Batches:  88%|████████▊ | 868/986 [00:17<00:02, 51.86it/s]
Batches:  89%|████████▊ | 874/986 [00:17<00:02, 52.00it/s]
Batches:  89%|████████▉ | 880/986 [00:17<00:02, 51.86it/s]
Batches:  90%|████████▉ | 886/986 [00:17<00:01, 51.92it/s]
Batches:  90%|█████████ | 892/986 [00:17<00:01, 51.92it/s]
Batches:  91%|█████████ | 898/986 [00:17<00:01, 52.00it/s]
Batches:  92%|█████████▏| 904/986 [00:17<00:01, 52.11it/s]
Batches:  92%|█████████▏| 910/986 [00:18<00:01, 52.33it/s]
Batches:  93%|█████████▎| 916/986 [00:18<00:01, 52.42it/s]
Batches:  94%|█████████▎| 922/986 [00:18<00:01, 52.28it/s]
Batches:  94%|█████████▍| 928/986 [00:18<00:01, 52.15it/s]
Batches:  95%|█████████▍| 934/986 [00:18<00:00, 52.31it/s]
Batches:  95%|█████████▌| 940/986 [00:18<00:00, 52.35it/s]
Batches:  96%|█████████▌| 946/986 [00:18<00:00, 52.33it/s]
Batches:  97%|█████████▋| 952/986 [00:18<00:00, 52.15it/s]
Batches:  97%|█████████▋| 958/986 [00:18<00:00, 52.17it/s]
Batches:  98%|█████████▊| 964/986 [00:19<00:00, 52.21it/s]
Batches:  98%|█████████▊| 970/986 [00:19<00:00, 52.21it/s]
Batches:  99%|█████████▉| 976/986 [00:19<00:00, 52.12it/s]
Batches: 100%|█████████▉| 982/986 [00:19<00:00, 52.15it/s]
Batches: 100%|██████████| 986/986 [00:19<00:00, 50.56it/s]

0it [00:00, ?it/s]
3088it [00:00, 30875.98it/s]
6205it [00:00, 31046.11it/s]
9310it [00:00, 30953.99it/s]
12406it [00:00, 30925.46it/s]
15503it [00:00, 30939.85it/s]
15762it [00:00, 30935.07it/s]

Batches:   0%|          | 0/580 [00:00<?, ?it/s]
Batches:   1%|          | 5/580 [00:00<00:13, 41.90it/s]
Batches:   2%|▏         | 10/580 [00:00<00:13, 42.18it/s]
Batches:   3%|▎         | 15/580 [00:00<00:12, 43.59it/s]
Batches:   3%|▎         | 20/580 [00:00<00:12, 45.24it/s]
Batches:   4%|▍         | 25/580 [00:00<00:12, 46.23it/s]
Batches:   5%|▌         | 30/580 [00:00<00:11, 47.28it/s]
Batches:   6%|▌         | 36/580 [00:00<00:11, 48.52it/s]
Batches:   7%|▋         | 42/580 [00:00<00:10, 49.38it/s]
Batches:   8%|▊         | 48/580 [00:01<00:10, 50.03it/s]
Batches:   9%|▉         | 54/580 [00:01<00:10, 49.68it/s]
Batches:  10%|█         | 60/580 [00:01<00:10, 50.12it/s]
Batches:  11%|█▏        | 66/580 [00:01<00:10, 50.49it/s]
Batches:  12%|█▏        | 72/580 [00:01<00:10, 50.42it/s]
Batches:  13%|█▎        | 78/580 [00:01<00:09, 50.71it/s]
Batches:  14%|█▍        | 84/580 [00:01<00:09, 50.80it/s]
Batches:  16%|█▌        | 90/580 [00:01<00:09, 50.58it/s]
Batches:  17%|█▋        | 96/580 [00:01<00:09, 50.94it/s]
Batches:  18%|█▊        | 102/580 [00:02<00:09, 51.19it/s]
Batches:  19%|█▊        | 108/580 [00:02<00:09, 51.32it/s]
Batches:  20%|█▉        | 114/580 [00:02<00:09, 51.46it/s]
Batches:  21%|██        | 120/580 [00:02<00:08, 51.50it/s]
Batches:  22%|██▏       | 126/580 [00:02<00:08, 51.54it/s]
Batches:  23%|██▎       | 132/580 [00:02<00:08, 51.66it/s]
Batches:  24%|██▍       | 138/580 [00:02<00:08, 51.77it/s]
Batches:  25%|██▍       | 144/580 [00:02<00:08, 51.71it/s]
Batches:  26%|██▌       | 150/580 [00:03<00:08, 51.44it/s]
Batches:  27%|██▋       | 156/580 [00:03<00:08, 51.60it/s]
Batches:  28%|██▊       | 162/580 [00:03<00:08, 51.56it/s]
Batches:  29%|██▉       | 168/580 [00:03<00:08, 51.49it/s]
Batches:  30%|███       | 174/580 [00:03<00:07, 51.57it/s]
Batches:  31%|███       | 180/580 [00:03<00:07, 51.52it/s]
Batches:  32%|███▏      | 186/580 [00:03<00:07, 51.52it/s]
Batches:  33%|███▎      | 192/580 [00:03<00:07, 51.70it/s]
Batches:  34%|███▍      | 198/580 [00:03<00:07, 51.71it/s]
Batches:  35%|███▌      | 204/580 [00:04<00:07, 51.66it/s]
Batches:  36%|███▌      | 210/580 [00:04<00:07, 51.72it/s]
Batches:  37%|███▋      | 216/580 [00:04<00:07, 51.64it/s]
Batches:  38%|███▊      | 222/580 [00:04<00:06, 51.72it/s]
Batches:  39%|███▉      | 228/580 [00:04<00:06, 51.59it/s]
Batches:  40%|████      | 234/580 [00:04<00:06, 51.60it/s]
Batches:  41%|████▏     | 240/580 [00:04<00:06, 51.57it/s]
Batches:  42%|████▏     | 246/580 [00:04<00:06, 51.50it/s]
Batches:  43%|████▎     | 252/580 [00:04<00:06, 51.40it/s]
Batches:  44%|████▍     | 258/580 [00:05<00:06, 51.39it/s]
Batches:  46%|████▌     | 264/580 [00:05<00:06, 51.39it/s]
Batches:  47%|████▋     | 270/580 [00:05<00:06, 51.03it/s]
Batches:  48%|████▊     | 276/580 [00:05<00:05, 50.94it/s]
Batches:  49%|████▊     | 282/580 [00:05<00:05, 51.14it/s]
Batches:  50%|████▉     | 288/580 [00:05<00:05, 51.23it/s]
Batches:  51%|█████     | 294/580 [00:05<00:05, 51.30it/s]
Batches:  52%|█████▏    | 300/580 [00:05<00:05, 51.30it/s]
Batches:  53%|█████▎    | 306/580 [00:06<00:05, 51.35it/s]
Batches:  54%|█████▍    | 312/580 [00:06<00:05, 51.37it/s]
Batches:  55%|█████▍    | 318/580 [00:06<00:05, 51.34it/s]
Batches:  56%|█████▌    | 324/580 [00:06<00:04, 51.30it/s]
Batches:  57%|█████▋    | 330/580 [00:06<00:04, 51.35it/s]
Batches:  58%|█████▊    | 336/580 [00:06<00:04, 51.37it/s]
Batches:  59%|█████▉    | 342/580 [00:06<00:04, 51.35it/s]
Batches:  60%|██████    | 348/580 [00:06<00:04, 51.30it/s]
Batches:  61%|██████    | 354/580 [00:06<00:04, 51.38it/s]
Batches:  62%|██████▏   | 360/580 [00:07<00:04, 51.49it/s]
Batches:  63%|██████▎   | 366/580 [00:07<00:04, 51.49it/s]
Batches:  64%|██████▍   | 372/580 [00:07<00:04, 51.49it/s]
Batches:  65%|██████▌   | 378/580 [00:07<00:03, 51.56it/s]
Batches:  66%|██████▌   | 384/580 [00:07<00:03, 51.62it/s]
Batches:  67%|██████▋   | 390/580 [00:07<00:03, 51.64it/s]
Batches:  68%|██████▊   | 396/580 [00:07<00:03, 51.58it/s]
Batches:  69%|██████▉   | 402/580 [00:07<00:03, 51.53it/s]
Batches:  70%|███████   | 408/580 [00:08<00:03, 51.51it/s]
Batches:  71%|███████▏  | 414/580 [00:08<00:03, 51.59it/s]
Batches:  72%|███████▏  | 420/580 [00:08<00:03, 51.58it/s]
Batches:  73%|███████▎  | 426/580 [00:08<00:02, 51.69it/s]
Batches:  74%|███████▍  | 432/580 [00:08<00:02, 51.73it/s]
Batches:  76%|███████▌  | 438/580 [00:08<00:02, 51.82it/s]
Batches:  77%|███████▋  | 444/580 [00:08<00:02, 51.71it/s]
Batches:  78%|███████▊  | 450/580 [00:08<00:02, 51.84it/s]
Batches:  79%|███████▊  | 456/580 [00:08<00:02, 51.90it/s]
Batches:  80%|███████▉  | 462/580 [00:09<00:02, 51.94it/s]
Batches:  81%|████████  | 468/580 [00:09<00:02, 51.98it/s]
Batches:  82%|████████▏ | 474/580 [00:09<00:02, 52.02it/s]
Batches:  83%|████████▎ | 480/580 [00:09<00:01, 52.04it/s]
Batches:  84%|████████▍ | 486/580 [00:09<00:01, 52.13it/s]
Batches:  85%|████████▍ | 492/580 [00:09<00:01, 52.06it/s]
Batches:  86%|████████▌ | 498/580 [00:09<00:01, 52.00it/s]
Batches:  87%|████████▋ | 504/580 [00:09<00:01, 52.06it/s]
Batches:  88%|████████▊ | 510/580 [00:09<00:01, 52.07it/s]
Batches:  89%|████████▉ | 516/580 [00:10<00:01, 52.07it/s]
Batches:  90%|█████████ | 522/580 [00:10<00:01, 52.21it/s]
Batches:  91%|█████████ | 528/580 [00:10<00:00, 52.34it/s]
Batches:  92%|█████████▏| 534/580 [00:10<00:00, 52.19it/s]
Batches:  93%|█████████▎| 540/580 [00:10<00:00, 52.05it/s]
Batches:  94%|█████████▍| 546/580 [00:10<00:00, 52.12it/s]
Batches:  95%|█████████▌| 552/580 [00:10<00:00, 52.21it/s]
Batches:  96%|█████████▌| 558/580 [00:10<00:00, 52.22it/s]
Batches:  97%|█████████▋| 564/580 [00:11<00:00, 52.13it/s]
Batches:  98%|█████████▊| 570/580 [00:11<00:00, 52.21it/s]
Batches:  99%|█████████▉| 576/580 [00:11<00:00, 52.22it/s]
Batches: 100%|██████████| 580/580 [00:11<00:00, 51.25it/s]

Batches:   0%|          | 0/603 [00:00<?, ?it/s]
Batches:   1%|          | 4/603 [00:00<00:15, 39.10it/s]
Batches:   1%|▏         | 9/603 [00:00<00:14, 40.56it/s]
Batches:   2%|▏         | 14/603 [00:00<00:13, 42.27it/s]
Batches:   3%|▎         | 19/603 [00:00<00:13, 43.10it/s]
Batches:   4%|▍         | 24/603 [00:00<00:12, 44.81it/s]
Batches:   5%|▍         | 29/603 [00:00<00:12, 45.14it/s]
Batches:   6%|▌         | 34/603 [00:00<00:12, 45.36it/s]
Batches:   6%|▋         | 39/603 [00:00<00:12, 46.60it/s]
Batches:   7%|▋         | 45/603 [00:00<00:11, 47.98it/s]
Batches:   8%|▊         | 50/603 [00:01<00:11, 48.01it/s]
Batches:   9%|▉         | 56/603 [00:01<00:11, 48.59it/s]
Batches:  10%|█         | 61/603 [00:01<00:11, 48.22it/s]
Batches:  11%|█         | 66/603 [00:01<00:11, 47.58it/s]
Batches:  12%|█▏        | 71/603 [00:01<00:11, 48.20it/s]
Batches:  13%|█▎        | 77/603 [00:01<00:10, 49.13it/s]
Batches:  14%|█▎        | 82/603 [00:01<00:10, 48.89it/s]
Batches:  15%|█▍        | 88/603 [00:01<00:10, 49.34it/s]
Batches:  16%|█▌        | 94/603 [00:01<00:10, 49.71it/s]
Batches:  17%|█▋        | 100/603 [00:02<00:09, 50.30it/s]
Batches:  18%|█▊        | 106/603 [00:02<00:09, 50.74it/s]
Batches:  19%|█▊        | 112/603 [00:02<00:09, 50.95it/s]
Batches:  20%|█▉        | 118/603 [00:02<00:09, 51.09it/s]
Batches:  21%|██        | 124/603 [00:02<00:09, 51.25it/s]
Batches:  22%|██▏       | 130/603 [00:02<00:09, 51.40it/s]
Batches:  23%|██▎       | 136/603 [00:02<00:09, 51.52it/s]
Batches:  24%|██▎       | 142/603 [00:02<00:08, 51.62it/s]
Batches:  25%|██▍       | 148/603 [00:03<00:08, 51.58it/s]
Batches:  26%|██▌       | 154/603 [00:03<00:08, 51.62it/s]
Batches:  27%|██▋       | 160/603 [00:03<00:08, 51.60it/s]
Batches:  28%|██▊       | 166/603 [00:03<00:08, 51.65it/s]
Batches:  29%|██▊       | 172/603 [00:03<00:08, 51.62it/s]
Batches:  30%|██▉       | 178/603 [00:03<00:08, 51.66it/s]
Batches:  31%|███       | 184/603 [00:03<00:08, 51.72it/s]
Batches:  32%|███▏      | 190/603 [00:03<00:07, 51.73it/s]
Batches:  33%|███▎      | 196/603 [00:03<00:07, 51.59it/s]
Batches:  33%|███▎      | 202/603 [00:04<00:07, 51.59it/s]
Batches:  34%|███▍      | 208/603 [00:04<00:07, 51.73it/s]
Batches:  35%|███▌      | 214/603 [00:04<00:07, 51.76it/s]
Batches:  36%|███▋      | 220/603 [00:04<00:07, 51.54it/s]
Batches:  37%|███▋      | 226/603 [00:04<00:07, 51.52it/s]
Batches:  38%|███▊      | 232/603 [00:04<00:07, 51.58it/s]
Batches:  39%|███▉      | 238/603 [00:04<00:07, 51.63it/s]
Batches:  40%|████      | 244/603 [00:04<00:06, 51.49it/s]
Batches:  41%|████▏     | 250/603 [00:05<00:06, 51.62it/s]
Batches:  42%|████▏     | 256/603 [00:05<00:06, 51.61it/s]
Batches:  43%|████▎     | 262/603 [00:05<00:06, 51.75it/s]
Batches:  44%|████▍     | 268/603 [00:05<00:06, 51.67it/s]
Batches:  45%|████▌     | 274/603 [00:05<00:06, 51.59it/s]
Batches:  46%|████▋     | 280/603 [00:05<00:06, 51.46it/s]
Batches:  47%|████▋     | 286/603 [00:05<00:06, 51.34it/s]
Batches:  48%|████▊     | 292/603 [00:05<00:06, 51.36it/s]
Batches:  49%|████▉     | 298/603 [00:05<00:05, 51.49it/s]
Batches:  50%|█████     | 304/603 [00:06<00:05, 51.57it/s]
Batches:  51%|█████▏    | 310/603 [00:06<00:05, 51.52it/s]
Batches:  52%|█████▏    | 316/603 [00:06<00:05, 51.47it/s]
Batches:  53%|█████▎    | 322/603 [00:06<00:05, 51.43it/s]
Batches:  54%|█████▍    | 328/603 [00:06<00:05, 51.49it/s]
Batches:  55%|█████▌    | 334/603 [00:06<00:05, 51.58it/s]
Batches:  56%|█████▋    | 340/603 [00:06<00:05, 51.64it/s]
Batches:  57%|█████▋    | 346/603 [00:06<00:04, 51.73it/s]
Batches:  58%|█████▊    | 352/603 [00:06<00:04, 51.75it/s]
Batches:  59%|█████▉    | 358/603 [00:07<00:04, 51.83it/s]
Batches:  60%|██████    | 364/603 [00:07<00:04, 51.73it/s]
Batches:  61%|██████▏   | 370/603 [00:07<00:04, 51.63it/s]
Batches:  62%|██████▏   | 376/603 [00:07<00:04, 51.65it/s]
Batches:  63%|██████▎   | 382/603 [00:07<00:04, 51.61it/s]
Batches:  64%|██████▍   | 388/603 [00:07<00:04, 51.46it/s]
Batches:  65%|██████▌   | 394/603 [00:07<00:04, 51.48it/s]
Batches:  66%|██████▋   | 400/603 [00:07<00:03, 51.53it/s]
Batches:  67%|██████▋   | 406/603 [00:08<00:03, 51.48it/s]
Batches:  68%|██████▊   | 412/603 [00:08<00:03, 51.39it/s]
Batches:  69%|██████▉   | 418/603 [00:08<00:03, 51.39it/s]
Batches:  70%|███████   | 424/603 [00:08<00:03, 51.39it/s]
Batches:  71%|███████▏  | 430/603 [00:08<00:03, 51.47it/s]
Batches:  72%|███████▏  | 436/603 [00:08<00:03, 51.44it/s]
Batches:  73%|███████▎  | 442/603 [00:08<00:03, 51.46it/s]
Batches:  74%|███████▍  | 448/603 [00:08<00:03, 51.50it/s]
Batches:  75%|███████▌  | 454/603 [00:08<00:02, 51.48it/s]
Batches:  76%|███████▋  | 460/603 [00:09<00:02, 51.50it/s]
Batches:  77%|███████▋  | 466/603 [00:09<00:02, 51.54it/s]
Batches:  78%|███████▊  | 472/603 [00:09<00:02, 51.61it/s]
Batches:  79%|███████▉  | 478/603 [00:09<00:02, 51.57it/s]
Batches:  80%|████████  | 484/603 [00:09<00:02, 51.46it/s]
Batches:  81%|████████▏ | 490/603 [00:09<00:02, 51.50it/s]
Batches:  82%|████████▏ | 496/603 [00:09<00:02, 51.53it/s]
Batches:  83%|████████▎ | 502/603 [00:09<00:01, 51.64it/s]
Batches:  84%|████████▍ | 508/603 [00:10<00:01, 51.62it/s]
Batches:  85%|████████▌ | 514/603 [00:10<00:01, 51.68it/s]
Batches:  86%|████████▌ | 520/603 [00:10<00:01, 51.77it/s]
Batches:  87%|████████▋ | 526/603 [00:10<00:01, 51.81it/s]
Batches:  88%|████████▊ | 532/603 [00:10<00:01, 51.74it/s]
Batches:  89%|████████▉ | 538/603 [00:10<00:01, 51.85it/s]
Batches:  90%|█████████ | 544/603 [00:10<00:01, 52.00it/s]
Batches:  91%|█████████ | 550/603 [00:10<00:01, 51.94it/s]
Batches:  92%|█████████▏| 556/603 [00:10<00:00, 51.91it/s]
Batches:  93%|█████████▎| 562/603 [00:11<00:00, 52.15it/s]
Batches:  94%|█████████▍| 568/603 [00:11<00:00, 52.20it/s]
Batches:  95%|█████████▌| 574/603 [00:11<00:00, 52.29it/s]
Batches:  96%|█████████▌| 580/603 [00:11<00:00, 52.31it/s]
Batches:  97%|█████████▋| 586/603 [00:11<00:00, 52.31it/s]
Batches:  98%|█████████▊| 592/603 [00:11<00:00, 52.37it/s]
Batches:  99%|█████████▉| 598/603 [00:11<00:00, 52.24it/s]
Batches: 100%|██████████| 603/603 [00:11<00:00, 50.94it/s]

0it [00:00, ?it/s]
2925it [00:00, 29246.12it/s]
5872it [00:00, 29375.60it/s]
8825it [00:00, 29443.74it/s]
9648it [00:00, 29448.98it/s]

Batches:   0%|          | 0/580 [00:00<?, ?it/s]
Batches:   0%|          | 0/580 [00:00<?, ?it/s]

Batches:   0%|          | 0/580 [00:00<?, ?it/s]
Batches:   1%|          | 3/580 [00:00<00:24, 23.30it/s]
Batches:   1%|          | 6/580 [00:00<00:21, 26.34it/s]
Batches:   2%|▏         | 10/580 [00:00<00:19, 29.62it/s]
Batches:   2%|▏         | 14/580 [00:00<00:17, 32.70it/s]
Batches:   3%|▎         | 18/580 [00:00<00:16, 34.06it/s]
Batches:   4%|▍         | 22/580 [00:00<00:16, 34.84it/s]
Batches:   4%|▍         | 26/580 [00:00<00:15, 35.01it/s]
Batches:   5%|▌         | 30/580 [00:00<00:15, 36.29it/s]
Batches:   6%|▌         | 35/580 [00:01<00:14, 38.05it/s]
Batches:   7%|▋         | 40/580 [00:01<00:13, 38.69it/s]
Batches:   8%|▊         | 45/580 [00:01<00:13, 39.61it/s]
Batches:   9%|▊         | 50/580 [00:01<00:13, 39.98it/s]
Batches:   9%|▉         | 55/580 [00:01<00:12, 41.10it/s]
Batches:  10%|█         | 60/580 [00:01<00:12, 41.58it/s]
Batches:  11%|█         | 65/580 [00:01<00:12, 42.07it/s]
Batches:  12%|█▏        | 70/580 [00:01<00:12, 41.84it/s]
Batches:  13%|█▎        | 75/580 [00:01<00:11, 42.19it/s]
Batches:  14%|█▍        | 80/580 [00:02<00:11, 42.73it/s]
Batches:  15%|█▍        | 85/580 [00:02<00:11, 43.11it/s]
Batches:  16%|█▌        | 90/580 [00:02<00:11, 43.72it/s]
Batches:  16%|█▋        | 95/580 [00:02<00:10, 44.62it/s]
Batches:  17%|█▋        | 100/580 [00:02<00:10, 44.93it/s]
Batches:  18%|█▊        | 105/580 [00:02<00:10, 45.51it/s]
Batches:  19%|█▉        | 110/580 [00:02<00:10, 45.27it/s]
Batches:  20%|█▉        | 115/580 [00:02<00:10, 46.09it/s]
Batches:  21%|██        | 120/580 [00:02<00:09, 46.57it/s]
Batches:  22%|██▏       | 125/580 [00:03<00:09, 46.68it/s]
Batches:  22%|██▏       | 130/580 [00:03<00:09, 46.73it/s]
Batches:  23%|██▎       | 135/580 [00:03<00:09, 47.50it/s]
Batches:  24%|██▍       | 140/580 [00:03<00:09, 47.18it/s]
Batches:  25%|██▌       | 145/580 [00:03<00:09, 47.03it/s]
Batches:  26%|██▌       | 151/580 [00:03<00:08, 48.16it/s]
Batches:  27%|██▋       | 156/580 [00:03<00:08, 48.16it/s]
Batches:  28%|██▊       | 162/580 [00:03<00:08, 48.95it/s]
Batches:  29%|██▉       | 167/580 [00:03<00:08, 48.74it/s]
Batches:  30%|██▉       | 172/580 [00:04<00:08, 48.44it/s]
Batches:  31%|███       | 178/580 [00:04<00:08, 49.26it/s]
Batches:  32%|███▏      | 184/580 [00:04<00:07, 49.77it/s]
Batches:  33%|███▎      | 190/580 [00:04<00:07, 50.10it/s]
Batches:  34%|███▍      | 196/580 [00:04<00:07, 50.04it/s]
Batches:  35%|███▍      | 201/580 [00:04<00:07, 49.94it/s]
Batches:  36%|███▌      | 207/580 [00:04<00:07, 50.43it/s]
Batches:  37%|███▋      | 213/580 [00:04<00:07, 49.97it/s]
Batches:  38%|███▊      | 219/580 [00:04<00:07, 50.31it/s]
Batches:  39%|███▉      | 225/580 [00:05<00:07, 50.62it/s]
Batches:  40%|███▉      | 231/580 [00:05<00:06, 50.86it/s]
Batches:  41%|████      | 237/580 [00:05<00:06, 51.09it/s]
Batches:  42%|████▏     | 243/580 [00:05<00:06, 51.16it/s]
Batches:  43%|████▎     | 249/580 [00:05<00:06, 51.29it/s]
Batches:  44%|████▍     | 255/580 [00:05<00:06, 51.36it/s]
Batches:  45%|████▌     | 261/580 [00:05<00:06, 51.46it/s]
Batches:  46%|████▌     | 267/580 [00:05<00:06, 51.38it/s]
Batches:  47%|████▋     | 273/580 [00:06<00:05, 51.36it/s]
Batches:  48%|████▊     | 279/580 [00:06<00:05, 51.12it/s]
Batches:  49%|████▉     | 285/580 [00:06<00:05, 50.64it/s]
Batches:  50%|█████     | 291/580 [00:06<00:05, 50.87it/s]
Batches:  51%|█████     | 297/580 [00:06<00:05, 51.14it/s]
Batches:  52%|█████▏    | 303/580 [00:06<00:05, 51.29it/s]
Batches:  53%|█████▎    | 309/580 [00:06<00:05, 51.36it/s]
Batches:  54%|█████▍    | 315/580 [00:06<00:05, 51.43it/s]
Batches:  55%|█████▌    | 321/580 [00:06<00:05, 51.61it/s]
Batches:  56%|█████▋    | 327/580 [00:07<00:04, 51.65it/s]
Batches:  57%|█████▋    | 333/580 [00:07<00:04, 51.55it/s]
Batches:  58%|█████▊    | 339/580 [00:07<00:04, 51.48it/s]
Batches:  59%|█████▉    | 345/580 [00:07<00:04, 51.52it/s]
Batches:  61%|██████    | 351/580 [00:07<00:04, 51.48it/s]
Batches:  62%|██████▏   | 357/580 [00:07<00:04, 51.46it/s]
Batches:  63%|██████▎   | 363/580 [00:07<00:04, 51.35it/s]
Batches:  64%|██████▎   | 369/580 [00:07<00:04, 51.37it/s]
Batches:  65%|██████▍   | 375/580 [00:07<00:03, 51.40it/s]
Batches:  66%|██████▌   | 381/580 [00:08<00:03, 51.30it/s]
Batches:  67%|██████▋   | 387/580 [00:08<00:03, 51.15it/s]
Batches:  68%|██████▊   | 393/580 [00:08<00:03, 51.09it/s]
Batches:  69%|██████▉   | 399/580 [00:08<00:03, 51.23it/s]
Batches:  70%|██████▉   | 405/580 [00:08<00:03, 51.17it/s]
Batches:  71%|███████   | 411/580 [00:08<00:03, 51.10it/s]
Batches:  72%|███████▏  | 417/580 [00:08<00:03, 51.20it/s]
Batches:  73%|███████▎  | 423/580 [00:08<00:03, 51.18it/s]
Batches:  74%|███████▍  | 429/580 [00:09<00:02, 51.33it/s]
Batches:  75%|███████▌  | 435/580 [00:09<00:02, 51.22it/s]
Batches:  76%|███████▌  | 441/580 [00:09<00:02, 51.23it/s]
Batches:  77%|███████▋  | 447/580 [00:09<00:02, 51.23it/s]
Batches:  78%|███████▊  | 453/580 [00:09<00:02, 51.18it/s]
Batches:  79%|███████▉  | 459/580 [00:09<00:02, 51.17it/s]
Batches:  80%|████████  | 465/580 [00:09<00:02, 51.18it/s]
Batches:  81%|████████  | 471/580 [00:09<00:02, 51.27it/s]
Batches:  82%|████████▏ | 477/580 [00:09<00:02, 51.21it/s]
Batches:  83%|████████▎ | 483/580 [00:10<00:01, 51.16it/s]
Batches:  84%|████████▍ | 489/580 [00:10<00:01, 51.18it/s]
Batches:  85%|████████▌ | 495/580 [00:10<00:01, 51.22it/s]
Batches:  86%|████████▋ | 501/580 [00:10<00:01, 51.28it/s]
Batches:  87%|████████▋ | 507/580 [00:10<00:01, 51.23it/s]
Batches:  88%|████████▊ | 513/580 [00:10<00:01, 51.28it/s]
Batches:  89%|████████▉ | 519/580 [00:10<00:01, 51.36it/s]
Batches:  91%|█████████ | 525/580 [00:10<00:01, 51.38it/s]
Batches:  92%|█████████▏| 531/580 [00:11<00:00, 51.35it/s]
Batches:  93%|█████████▎| 537/580 [00:11<00:00, 51.40it/s]
Batches:  94%|█████████▎| 543/580 [00:11<00:00, 51.47it/s]
Batches:  95%|█████████▍| 549/580 [00:11<00:00, 51.53it/s]
Batches:  96%|█████████▌| 555/580 [00:11<00:00, 51.63it/s]
Batches:  97%|█████████▋| 561/580 [00:11<00:00, 51.71it/s]
Batches:  98%|█████████▊| 567/580 [00:11<00:00, 51.79it/s]
Batches:  99%|█████████▉| 573/580 [00:11<00:00, 51.82it/s]
Batches: 100%|█████████▉| 579/580 [00:11<00:00, 51.98it/s]
Batches: 100%|██████████| 580/580 [00:11<00:00, 48.40it/s]

Batches:   0%|          | 0/603 [00:00<?, ?it/s]
Batches:   1%|          | 4/603 [00:00<00:19, 30.36it/s]
Batches:   1%|▏         | 8/603 [00:00<00:18, 32.93it/s]
Batches:   2%|▏         | 12/603 [00:00<00:16, 34.90it/s]
Batches:   3%|▎         | 16/603 [00:00<00:16, 36.32it/s]
Batches:   3%|▎         | 21/603 [00:00<00:15, 37.96it/s]
Batches:   4%|▍         | 25/603 [00:00<00:15, 38.28it/s]
Batches:   5%|▍         | 30/603 [00:00<00:14, 39.88it/s]
Batches:   6%|▌         | 35/603 [00:00<00:13, 40.76it/s]
Batches:   7%|▋         | 40/603 [00:01<00:13, 41.46it/s]
Batches:   7%|▋         | 45/603 [00:01<00:13, 41.97it/s]
Batches:   8%|▊         | 50/603 [00:01<00:13, 41.78it/s]
Batches:   9%|▉         | 55/603 [00:01<00:12, 42.55it/s]
Batches:  10%|▉         | 60/603 [00:01<00:12, 42.97it/s]
Batches:  11%|█         | 65/603 [00:01<00:12, 43.30it/s]
Batches:  12%|█▏        | 70/603 [00:01<00:12, 43.37it/s]
Batches:  12%|█▏        | 75/603 [00:01<00:12, 43.33it/s]
Batches:  13%|█▎        | 80/603 [00:01<00:11, 43.98it/s]
Batches:  14%|█▍        | 85/603 [00:02<00:11, 44.15it/s]
Batches:  15%|█▍        | 90/603 [00:02<00:11, 44.21it/s]
Batches:  16%|█▌        | 95/603 [00:02<00:11, 44.22it/s]
Batches:  17%|█▋        | 100/603 [00:02<00:11, 44.17it/s]
Batches:  17%|█▋        | 105/603 [00:02<00:11, 44.37it/s]
Batches:  18%|█▊        | 110/603 [00:02<00:11, 44.47it/s]
Batches:  19%|█▉        | 115/603 [00:02<00:10, 44.47it/s]
Batches:  20%|█▉        | 120/603 [00:02<00:10, 44.85it/s]
Batches:  21%|██        | 125/603 [00:02<00:10, 44.83it/s]
Batches:  22%|██▏       | 130/603 [00:03<00:10, 44.86it/s]
Batches:  22%|██▏       | 135/603 [00:03<00:10, 44.89it/s]
Batches:  23%|██▎       | 140/603 [00:03<00:10, 45.81it/s]
Batches:  24%|██▍       | 145/603 [00:03<00:09, 46.53it/s]
Batches:  25%|██▍       | 150/603 [00:03<00:09, 46.32it/s]
Batches:  26%|██▌       | 155/603 [00:03<00:09, 46.19it/s]
Batches:  27%|██▋       | 160/603 [00:03<00:09, 46.16it/s]
Batches:  27%|██▋       | 165/603 [00:03<00:09, 46.73it/s]
Batches:  28%|██▊       | 170/603 [00:03<00:09, 46.50it/s]
Batches:  29%|██▉       | 175/603 [00:04<00:09, 47.38it/s]
Batches:  30%|██▉       | 180/603 [00:04<00:09, 46.94it/s]
Batches:  31%|███       | 185/603 [00:04<00:09, 46.21it/s]
Batches:  32%|███▏      | 190/603 [00:04<00:09, 45.72it/s]
Batches:  32%|███▏      | 195/603 [00:04<00:08, 45.83it/s]
Batches:  33%|███▎      | 200/603 [00:04<00:08, 45.94it/s]
Batches:  34%|███▍      | 205/603 [00:04<00:08, 46.37it/s]
Batches:  35%|███▍      | 211/603 [00:04<00:08, 47.37it/s]
Batches:  36%|███▌      | 217/603 [00:04<00:07, 48.52it/s]
Batches:  37%|███▋      | 223/603 [00:05<00:07, 49.02it/s]
Batches:  38%|███▊      | 228/603 [00:05<00:07, 48.90it/s]
Batches:  39%|███▊      | 233/603 [00:05<00:07, 48.93it/s]
Batches:  39%|███▉      | 238/603 [00:05<00:07, 48.38it/s]
Batches:  40%|████      | 244/603 [00:05<00:07, 49.34it/s]
Batches:  41%|████▏     | 249/603 [00:05<00:07, 48.47it/s]
Batches:  42%|████▏     | 254/603 [00:05<00:07, 47.81it/s]
Batches:  43%|████▎     | 259/603 [00:05<00:07, 48.38it/s]
Batches:  44%|████▍     | 264/603 [00:05<00:06, 48.55it/s]
Batches:  45%|████▍     | 270/603 [00:06<00:06, 49.51it/s]
Batches:  46%|████▌     | 276/603 [00:06<00:06, 50.06it/s]
Batches:  47%|████▋     | 282/603 [00:06<00:06, 50.36it/s]
Batches:  48%|████▊     | 288/603 [00:06<00:06, 50.79it/s]
Batches:  49%|████▉     | 294/603 [00:06<00:06, 50.94it/s]
Batches:  50%|████▉     | 300/603 [00:06<00:05, 51.06it/s]
Batches:  51%|█████     | 306/603 [00:06<00:05, 51.13it/s]
Batches:  52%|█████▏    | 312/603 [00:06<00:05, 51.30it/s]
Batches:  53%|█████▎    | 318/603 [00:06<00:05, 51.42it/s]
Batches:  54%|█████▎    | 324/603 [00:07<00:05, 51.47it/s]
Batches:  55%|█████▍    | 330/603 [00:07<00:05, 51.45it/s]
Batches:  56%|█████▌    | 336/603 [00:07<00:05, 51.50it/s]
Batches:  57%|█████▋    | 342/603 [00:07<00:05, 51.66it/s]
Batches:  58%|█████▊    | 348/603 [00:07<00:04, 51.65it/s]
Batches:  59%|█████▊    | 354/603 [00:07<00:04, 51.55it/s]
Batches:  60%|█████▉    | 360/603 [00:07<00:04, 51.62it/s]
Batches:  61%|██████    | 366/603 [00:07<00:04, 51.78it/s]
Batches:  62%|██████▏   | 372/603 [00:07<00:04, 51.85it/s]
Batches:  63%|██████▎   | 378/603 [00:08<00:04, 51.81it/s]
Batches:  64%|██████▎   | 384/603 [00:08<00:04, 51.76it/s]
Batches:  65%|██████▍   | 390/603 [00:08<00:04, 51.67it/s]
Batches:  66%|██████▌   | 396/603 [00:08<00:04, 51.73it/s]
Batches:  67%|██████▋   | 402/603 [00:08<00:03, 51.72it/s]
Batches:  68%|██████▊   | 408/603 [00:08<00:03, 51.78it/s]
Batches:  69%|██████▊   | 414/603 [00:08<00:03, 51.75it/s]
Batches:  70%|██████▉   | 420/603 [00:08<00:03, 51.79it/s]
Batches:  71%|███████   | 426/603 [00:09<00:03, 51.62it/s]
Batches:  72%|███████▏  | 432/603 [00:09<00:03, 51.62it/s]
Batches:  73%|███████▎  | 438/603 [00:09<00:03, 51.58it/s]
Batches:  74%|███████▎  | 444/603 [00:09<00:03, 51.71it/s]
Batches:  75%|███████▍  | 450/603 [00:09<00:02, 51.62it/s]
Batches:  76%|███████▌  | 456/603 [00:09<00:02, 51.63it/s]
Batches:  77%|███████▋  | 462/603 [00:09<00:02, 51.71it/s]
Batches:  78%|███████▊  | 468/603 [00:09<00:02, 51.65it/s]
Batches:  79%|███████▊  | 474/603 [00:09<00:02, 51.57it/s]
Batches:  80%|███████▉  | 480/603 [00:10<00:02, 51.53it/s]
Batches:  81%|████████  | 486/603 [00:10<00:02, 51.52it/s]
Batches:  82%|████████▏ | 492/603 [00:10<00:02, 51.56it/s]
Batches:  83%|████████▎ | 498/603 [00:10<00:02, 51.48it/s]
Batches:  84%|████████▎ | 504/603 [00:10<00:01, 51.44it/s]
Batches:  85%|████████▍ | 510/603 [00:10<00:01, 51.47it/s]
Batches:  86%|████████▌ | 516/603 [00:10<00:01, 51.49it/s]
Batches:  87%|████████▋ | 522/603 [00:10<00:01, 51.54it/s]
Batches:  88%|████████▊ | 528/603 [00:11<00:01, 51.60it/s]
Batches:  89%|████████▊ | 534/603 [00:11<00:01, 51.60it/s]
Batches:  90%|████████▉ | 540/603 [00:11<00:01, 51.73it/s]
Batches:  91%|█████████ | 546/603 [00:11<00:01, 51.79it/s]
Batches:  92%|█████████▏| 552/603 [00:11<00:00, 51.77it/s]
Batches:  93%|█████████▎| 558/603 [00:11<00:00, 51.79it/s]
Batches:  94%|█████████▎| 564/603 [00:11<00:00, 51.87it/s]
Batches:  95%|█████████▍| 570/603 [00:11<00:00, 51.96it/s]
Batches:  96%|█████████▌| 576/603 [00:11<00:00, 52.11it/s]
Batches:  97%|█████████▋| 582/603 [00:12<00:00, 52.13it/s]
Batches:  98%|█████████▊| 588/603 [00:12<00:00, 52.22it/s]
Batches:  99%|█████████▊| 594/603 [00:12<00:00, 52.26it/s]
Batches: 100%|█████████▉| 600/603 [00:12<00:00, 52.29it/s]
Batches: 100%|██████████| 603/603 [00:12<00:00, 48.46it/s]

0it [00:00, ?it/s]
2901it [00:00, 29000.76it/s]
5842it [00:00, 29237.83it/s]
8793it [00:00, 29359.10it/s]
9648it [00:00, 29335.37it/s]

Batches:   0%|          | 0/5560 [00:00<?, ?it/s]
Batches:   0%|          | 5/5560 [00:00<02:08, 43.35it/s]
Batches:   0%|          | 10/5560 [00:00<02:05, 44.09it/s]
Batches:   0%|          | 15/5560 [00:00<02:04, 44.39it/s]
Batches:   0%|          | 20/5560 [00:00<02:00, 45.82it/s]
Batches:   0%|          | 25/5560 [00:00<01:58, 46.84it/s]
Batches:   1%|          | 31/5560 [00:00<01:54, 48.21it/s]
Batches:   1%|          | 36/5560 [00:00<01:53, 48.55it/s]
Batches:   1%|          | 41/5560 [00:00<01:53, 48.76it/s]
Batches:   1%|          | 46/5560 [00:00<01:53, 48.60it/s]
Batches:   1%|          | 51/5560 [00:01<01:52, 48.80it/s]
Batches:   1%|          | 57/5560 [00:01<01:51, 49.46it/s]
Batches:   1%|          | 63/5560 [00:01<01:50, 49.86it/s]
Batches:   1%|          | 68/5560 [00:01<01:51, 49.43it/s]
Batches:   1%|▏         | 73/5560 [00:01<01:51, 49.29it/s]
Batches:   1%|▏         | 78/5560 [00:01<01:50, 49.41it/s]
Batches:   2%|▏         | 84/5560 [00:01<01:49, 49.80it/s]
Batches:   2%|▏         | 90/5560 [00:01<01:49, 50.11it/s]
Batches:   2%|▏         | 96/5560 [00:01<01:48, 50.25it/s]
Batches:   2%|▏         | 102/5560 [00:02<01:48, 50.52it/s]
Batches:   2%|▏         | 108/5560 [00:02<01:47, 50.58it/s]
Batches:   2%|▏         | 114/5560 [00:02<01:47, 50.65it/s]
Batches:   2%|▏         | 120/5560 [00:02<01:47, 50.64it/s]
Batches:   2%|▏         | 126/5560 [00:02<01:47, 50.69it/s]
Batches:   2%|▏         | 132/5560 [00:02<01:47, 50.73it/s]
Batches:   2%|▏         | 138/5560 [00:02<01:46, 50.78it/s]
Batches:   3%|▎         | 144/5560 [00:02<01:46, 50.77it/s]
Batches:   3%|▎         | 150/5560 [00:03<01:47, 50.43it/s]
Batches:   3%|▎         | 156/5560 [00:03<01:48, 49.59it/s]
Batches:   3%|▎         | 162/5560 [00:03<01:47, 50.02it/s]
Batches:   3%|▎         | 168/5560 [00:03<01:47, 50.26it/s]
Batches:   3%|▎         | 174/5560 [00:03<01:46, 50.43it/s]
Batches:   3%|▎         | 180/5560 [00:03<01:46, 50.60it/s]
Batches:   3%|▎         | 186/5560 [00:03<01:45, 50.71it/s]
Batches:   3%|▎         | 192/5560 [00:03<01:46, 50.40it/s]
Batches:   4%|▎         | 198/5560 [00:03<01:46, 50.55it/s]
Batches:   4%|▎         | 204/5560 [00:04<01:45, 50.72it/s]
Batches:   4%|▍         | 210/5560 [00:04<01:45, 50.85it/s]
Batches:   4%|▍         | 216/5560 [00:04<01:44, 50.95it/s]
Batches:   4%|▍         | 222/5560 [00:04<01:44, 51.00it/s]
Batches:   4%|▍         | 228/5560 [00:04<01:44, 50.98it/s]
Batches:   4%|▍         | 234/5560 [00:04<01:44, 50.93it/s]
Batches:   4%|▍         | 240/5560 [00:04<01:44, 50.99it/s]
Batches:   4%|▍         | 246/5560 [00:04<01:44, 51.08it/s]
Batches:   5%|▍         | 252/5560 [00:05<01:43, 51.21it/s]
Batches:   5%|▍         | 258/5560 [00:05<01:43, 51.15it/s]
Batches:   5%|▍         | 264/5560 [00:05<01:43, 51.12it/s]
Batches:   5%|▍         | 270/5560 [00:05<01:43, 51.18it/s]
Batches:   5%|▍         | 276/5560 [00:05<01:43, 51.26it/s]
Batches:   5%|▌         | 282/5560 [00:05<01:43, 51.23it/s]
Batches:   5%|▌         | 288/5560 [00:05<01:43, 51.08it/s]
Batches:   5%|▌         | 294/5560 [00:05<01:42, 51.14it/s]
Batches:   5%|▌         | 300/5560 [00:05<01:42, 51.19it/s]
Batches:   6%|▌         | 306/5560 [00:06<01:42, 51.19it/s]
Batches:   6%|▌         | 312/5560 [00:06<01:42, 51.16it/s]
Batches:   6%|▌         | 318/5560 [00:06<01:42, 51.21it/s]
Batches:   6%|▌         | 324/5560 [00:06<01:42, 51.18it/s]
Batches:   6%|▌         | 330/5560 [00:06<01:42, 51.23it/s]
Batches:   6%|▌         | 336/5560 [00:06<01:41, 51.25it/s]
Batches:   6%|▌         | 342/5560 [00:06<01:41, 51.28it/s]
Batches:   6%|▋         | 348/5560 [00:06<01:41, 51.28it/s]
Batches:   6%|▋         | 354/5560 [00:07<01:41, 51.27it/s]
Batches:   6%|▋         | 360/5560 [00:07<01:41, 51.18it/s]
Batches:   7%|▋         | 366/5560 [00:07<01:41, 51.28it/s]
Batches:   7%|▋         | 372/5560 [00:07<01:41, 51.36it/s]
Batches:   7%|▋         | 378/5560 [00:07<01:40, 51.34it/s]
Batches:   7%|▋         | 384/5560 [00:07<01:40, 51.29it/s]
Batches:   7%|▋         | 390/5560 [00:07<01:40, 51.25it/s]
Batches:   7%|▋         | 396/5560 [00:07<01:40, 51.37it/s]
Batches:   7%|▋         | 402/5560 [00:07<01:40, 51.44it/s]
Batches:   7%|▋         | 408/5560 [00:08<01:40, 51.34it/s]
Batches:   7%|▋         | 414/5560 [00:08<01:40, 51.34it/s]
Batches:   8%|▊         | 420/5560 [00:08<01:39, 51.44it/s]
Batches:   8%|▊         | 426/5560 [00:08<01:39, 51.42it/s]
Batches:   8%|▊         | 432/5560 [00:08<01:39, 51.35it/s]
Batches:   8%|▊         | 438/5560 [00:08<01:39, 51.37it/s]
Batches:   8%|▊         | 444/5560 [00:08<01:39, 51.45it/s]
Batches:   8%|▊         | 450/5560 [00:08<01:39, 51.51it/s]
Batches:   8%|▊         | 456/5560 [00:09<01:39, 51.48it/s]
Batches:   8%|▊         | 462/5560 [00:09<01:38, 51.50it/s]
Batches:   8%|▊         | 468/5560 [00:09<01:38, 51.55it/s]
Batches:   9%|▊         | 474/5560 [00:09<01:38, 51.60it/s]
Batches:   9%|▊         | 480/5560 [00:09<01:38, 51.52it/s]
Batches:   9%|▊         | 486/5560 [00:09<01:38, 51.56it/s]
Batches:   9%|▉         | 492/5560 [00:09<01:38, 51.58it/s]
Batches:   9%|▉         | 498/5560 [00:09<01:38, 51.60it/s]
Batches:   9%|▉         | 504/5560 [00:09<01:38, 51.45it/s]
Batches:   9%|▉         | 510/5560 [00:10<01:38, 51.51it/s]
Batches:   9%|▉         | 516/5560 [00:10<01:37, 51.51it/s]
Batches:   9%|▉         | 522/5560 [00:10<01:37, 51.54it/s]
Batches:   9%|▉         | 528/5560 [00:10<01:37, 51.50it/s]
Batches:  10%|▉         | 534/5560 [00:10<01:37, 51.53it/s]
Batches:  10%|▉         | 540/5560 [00:10<01:37, 51.57it/s]
Batches:  10%|▉         | 546/5560 [00:10<01:37, 51.54it/s]
Batches:  10%|▉         | 552/5560 [00:10<01:37, 51.51it/s]
Batches:  10%|█         | 558/5560 [00:10<01:36, 51.59it/s]
Batches:  10%|█         | 564/5560 [00:11<01:36, 51.60it/s]
Batches:  10%|█         | 570/5560 [00:11<01:36, 51.66it/s]
Batches:  10%|█         | 576/5560 [00:11<01:36, 51.66it/s]
Batches:  10%|█         | 582/5560 [00:11<01:36, 51.70it/s]
Batches:  11%|█         | 588/5560 [00:11<01:36, 51.68it/s]
Batches:  11%|█         | 594/5560 [00:11<01:36, 51.67it/s]
Batches:  11%|█         | 600/5560 [00:11<01:36, 51.57it/s]
Batches:  11%|█         | 606/5560 [00:11<01:36, 51.58it/s]
Batches:  11%|█         | 612/5560 [00:12<01:35, 51.63it/s]
Batches:  11%|█         | 618/5560 [00:12<01:35, 51.66it/s]
Batches:  11%|█         | 624/5560 [00:12<01:35, 51.61it/s]
Batches:  11%|█▏        | 630/5560 [00:12<01:35, 51.65it/s]
Batches:  11%|█▏        | 636/5560 [00:12<01:35, 51.67it/s]
Batches:  12%|█▏        | 642/5560 [00:12<01:35, 51.71it/s]
Batches:  12%|█▏        | 648/5560 [00:12<01:35, 51.67it/s]
Batches:  12%|█▏        | 654/5560 [00:12<01:34, 51.68it/s]
Batches:  12%|█▏        | 660/5560 [00:12<01:34, 51.66it/s]
Batches:  12%|█▏        | 666/5560 [00:13<01:34, 51.66it/s]
Batches:  12%|█▏        | 672/5560 [00:13<01:34, 51.58it/s]
Batches:  12%|█▏        | 678/5560 [00:13<01:34, 51.60it/s]
Batches:  12%|█▏        | 684/5560 [00:13<01:34, 51.64it/s]
Batches:  12%|█▏        | 690/5560 [00:13<01:34, 51.64it/s]
Batches:  13%|█▎        | 696/5560 [00:13<01:34, 51.58it/s]
Batches:  13%|█▎        | 702/5560 [00:13<01:34, 51.46it/s]
Batches:  13%|█▎        | 708/5560 [00:13<01:34, 51.53it/s]
Batches:  13%|█▎        | 714/5560 [00:14<01:33, 51.59it/s]
Batches:  13%|█▎        | 720/5560 [00:14<01:33, 51.57it/s]
Batches:  13%|█▎        | 726/5560 [00:14<01:33, 51.53it/s]
Batches:  13%|█▎        | 732/5560 [00:14<01:33, 51.58it/s]
Batches:  13%|█▎        | 738/5560 [00:14<01:33, 51.58it/s]
Batches:  13%|█▎        | 744/5560 [00:14<01:33, 51.51it/s]
Batches:  13%|█▎        | 750/5560 [00:14<01:33, 51.52it/s]
Batches:  14%|█▎        | 756/5560 [00:14<01:33, 51.50it/s]
Batches:  14%|█▎        | 762/5560 [00:14<01:33, 51.52it/s]
Batches:  14%|█▍        | 768/5560 [00:15<01:33, 51.52it/s]
Batches:  14%|█▍        | 774/5560 [00:15<01:32, 51.56it/s]
Batches:  14%|█▍        | 780/5560 [00:15<01:32, 51.61it/s]
Batches:  14%|█▍        | 786/5560 [00:15<01:32, 51.61it/s]
Batches:  14%|█▍        | 792/5560 [00:15<01:32, 51.54it/s]
Batches:  14%|█▍        | 798/5560 [00:15<01:32, 51.59it/s]
Batches:  14%|█▍        | 804/5560 [00:15<01:32, 51.62it/s]
Batches:  15%|█▍        | 810/5560 [00:15<01:31, 51.63it/s]
Batches:  15%|█▍        | 816/5560 [00:15<01:31, 51.62it/s]
Batches:  15%|█▍        | 822/5560 [00:16<01:31, 51.61it/s]
Batches:  15%|█▍        | 828/5560 [00:16<01:31, 51.67it/s]
Batches:  15%|█▌        | 834/5560 [00:16<01:31, 51.70it/s]
Batches:  15%|█▌        | 840/5560 [00:16<01:31, 51.58it/s]
Batches:  15%|█▌        | 846/5560 [00:16<01:31, 51.66it/s]
Batches:  15%|█▌        | 852/5560 [00:16<01:31, 51.69it/s]
Batches:  15%|█▌        | 858/5560 [00:16<01:30, 51.68it/s]
Batches:  16%|█▌        | 864/5560 [00:16<01:31, 51.54it/s]
Batches:  16%|█▌        | 870/5560 [00:17<01:30, 51.61it/s]
Batches:  16%|█▌        | 876/5560 [00:17<01:30, 51.59it/s]
Batches:  16%|█▌        | 882/5560 [00:17<01:30, 51.64it/s]
Batches:  16%|█▌        | 888/5560 [00:17<01:30, 51.60it/s]
Batches:  16%|█▌        | 894/5560 [00:17<01:30, 51.68it/s]
Batches:  16%|█▌        | 900/5560 [00:17<01:30, 51.69it/s]
Batches:  16%|█▋        | 906/5560 [00:17<01:29, 51.71it/s]
Batches:  16%|█▋        | 912/5560 [00:17<01:29, 51.73it/s]
Batches:  17%|█▋        | 918/5560 [00:17<01:29, 51.73it/s]
Batches:  17%|█▋        | 924/5560 [00:18<01:29, 51.67it/s]
Batches:  17%|█▋        | 930/5560 [00:18<01:29, 51.64it/s]
Batches:  17%|█▋        | 936/5560 [00:18<01:29, 51.55it/s]
Batches:  17%|█▋        | 942/5560 [00:18<01:29, 51.63it/s]
Batches:  17%|█▋        | 948/5560 [00:18<01:29, 51.55it/s]
Batches:  17%|█▋        | 954/5560 [00:18<01:29, 51.58it/s]
Batches:  17%|█▋        | 960/5560 [00:18<01:29, 51.58it/s]
Batches:  17%|█▋        | 966/5560 [00:18<01:28, 51.69it/s]
Batches:  17%|█▋        | 972/5560 [00:19<01:28, 51.70it/s]
Batches:  18%|█▊        | 978/5560 [00:19<01:28, 51.75it/s]
Batches:  18%|█▊        | 984/5560 [00:19<01:28, 51.67it/s]
Batches:  18%|█▊        | 990/5560 [00:19<01:28, 51.71it/s]
Batches:  18%|█▊        | 996/5560 [00:19<01:28, 51.73it/s]
Batches:  18%|█▊        | 1002/5560 [00:19<01:28, 51.77it/s]
Batches:  18%|█▊        | 1008/5560 [00:19<01:28, 51.69it/s]
Batches:  18%|█▊        | 1014/5560 [00:19<01:27, 51.71it/s]
Batches:  18%|█▊        | 1020/5560 [00:19<01:27, 51.65it/s]
Batches:  18%|█▊        | 1026/5560 [00:20<01:27, 51.64it/s]
Batches:  19%|█▊        | 1032/5560 [00:20<01:27, 51.65it/s]
Batches:  19%|█▊        | 1038/5560 [00:20<01:27, 51.67it/s]
Batches:  19%|█▉        | 1044/5560 [00:20<01:27, 51.73it/s]
Batches:  19%|█▉        | 1050/5560 [00:20<01:27, 51.69it/s]
Batches:  19%|█▉        | 1056/5560 [00:20<01:27, 51.61it/s]
Batches:  19%|█▉        | 1062/5560 [00:20<01:27, 51.70it/s]
Batches:  19%|█▉        | 1068/5560 [00:20<01:26, 51.76it/s]
Batches:  19%|█▉        | 1074/5560 [00:20<01:26, 51.63it/s]
Batches:  19%|█▉        | 1080/5560 [00:21<01:26, 51.63it/s]
Batches:  20%|█▉        | 1086/5560 [00:21<01:26, 51.64it/s]
Batches:  20%|█▉        | 1092/5560 [00:21<01:26, 51.67it/s]
Batches:  20%|█▉        | 1098/5560 [00:21<01:26, 51.66it/s]
Batches:  20%|█▉        | 1104/5560 [00:21<01:26, 51.61it/s]
Batches:  20%|█▉        | 1110/5560 [00:21<01:26, 51.58it/s]
Batches:  20%|██        | 1116/5560 [00:21<01:26, 51.65it/s]
Batches:  20%|██        | 1122/5560 [00:21<01:25, 51.68it/s]
Batches:  20%|██        | 1128/5560 [00:22<01:25, 51.72it/s]
Batches:  20%|██        | 1134/5560 [00:22<01:25, 51.75it/s]
Batches:  21%|██        | 1140/5560 [00:22<01:25, 51.71it/s]
Batches:  21%|██        | 1146/5560 [00:22<01:25, 51.69it/s]
Batches:  21%|██        | 1152/5560 [00:22<01:25, 51.58it/s]
Batches:  21%|██        | 1158/5560 [00:22<01:25, 51.65it/s]
Batches:  21%|██        | 1164/5560 [00:22<01:25, 51.65it/s]
Batches:  21%|██        | 1170/5560 [00:22<01:25, 51.60it/s]
Batches:  21%|██        | 1176/5560 [00:22<01:25, 51.55it/s]
Batches:  21%|██▏       | 1182/5560 [00:23<01:24, 51.68it/s]
Batches:  21%|██▏       | 1188/5560 [00:23<01:24, 51.60it/s]
Batches:  21%|██▏       | 1194/5560 [00:23<01:24, 51.64it/s]
Batches:  22%|██▏       | 1200/5560 [00:23<01:24, 51.44it/s]
Batches:  22%|██▏       | 1206/5560 [00:23<01:24, 51.34it/s]
Batches:  22%|██▏       | 1212/5560 [00:23<01:24, 51.29it/s]
Batches:  22%|██▏       | 1218/5560 [00:23<01:24, 51.35it/s]
Batches:  22%|██▏       | 1224/5560 [00:23<01:24, 51.33it/s]
Batches:  22%|██▏       | 1230/5560 [00:24<01:24, 51.54it/s]
Batches:  22%|██▏       | 1236/5560 [00:24<01:23, 51.70it/s]
Batches:  22%|██▏       | 1242/5560 [00:24<01:23, 51.63it/s]
Batches:  22%|██▏       | 1248/5560 [00:24<01:23, 51.48it/s]
Batches:  23%|██▎       | 1254/5560 [00:24<01:23, 51.57it/s]
Batches:  23%|██▎       | 1260/5560 [00:24<01:23, 51.53it/s]
Batches:  23%|██▎       | 1266/5560 [00:24<01:23, 51.44it/s]
Batches:  23%|██▎       | 1272/5560 [00:24<01:23, 51.46it/s]
Batches:  23%|██▎       | 1278/5560 [00:24<01:23, 51.47it/s]
Batches:  23%|██▎       | 1284/5560 [00:25<01:23, 51.47it/s]
Batches:  23%|██▎       | 1290/5560 [00:25<01:22, 51.54it/s]
Batches:  23%|██▎       | 1296/5560 [00:25<01:23, 51.25it/s]
Batches:  23%|██▎       | 1302/5560 [00:25<01:23, 51.27it/s]
Batches:  24%|██▎       | 1308/5560 [00:25<01:22, 51.43it/s]
Batches:  24%|██▎       | 1314/5560 [00:25<01:22, 51.38it/s]
Batches:  24%|██▎       | 1320/5560 [00:25<01:22, 51.41it/s]
Batches:  24%|██▍       | 1326/5560 [00:25<01:22, 51.53it/s]
Batches:  24%|██▍       | 1332/5560 [00:25<01:22, 51.52it/s]
Batches:  24%|██▍       | 1338/5560 [00:26<01:21, 51.50it/s]
Batches:  24%|██▍       | 1344/5560 [00:26<01:22, 51.35it/s]
Batches:  24%|██▍       | 1350/5560 [00:26<01:21, 51.36it/s]
Batches:  24%|██▍       | 1356/5560 [00:26<01:21, 51.30it/s]
Batches:  24%|██▍       | 1362/5560 [00:26<01:21, 51.23it/s]
Batches:  25%|██▍       | 1368/5560 [00:26<01:21, 51.23it/s]
Batches:  25%|██▍       | 1374/5560 [00:26<01:21, 51.39it/s]
Batches:  25%|██▍       | 1380/5560 [00:26<01:21, 51.40it/s]
Batches:  25%|██▍       | 1386/5560 [00:27<01:21, 51.43it/s]
Batches:  25%|██▌       | 1392/5560 [00:27<01:20, 51.47it/s]
Batches:  25%|██▌       | 1398/5560 [00:27<01:20, 51.53it/s]
Batches:  25%|██▌       | 1404/5560 [00:27<01:20, 51.50it/s]
Batches:  25%|██▌       | 1410/5560 [00:27<01:20, 51.55it/s]
Batches:  25%|██▌       | 1416/5560 [00:27<01:20, 51.43it/s]
Batches:  26%|██▌       | 1422/5560 [00:27<01:20, 51.54it/s]
Batches:  26%|██▌       | 1428/5560 [00:27<01:20, 51.56it/s]
Batches:  26%|██▌       | 1434/5560 [00:27<01:20, 51.57it/s]
Batches:  26%|██▌       | 1440/5560 [00:28<01:20, 51.48it/s]
Batches:  26%|██▌       | 1446/5560 [00:28<01:19, 51.51it/s]
Batches:  26%|██▌       | 1452/5560 [00:28<01:19, 51.51it/s]
Batches:  26%|██▌       | 1458/5560 [00:28<01:19, 51.42it/s]
Batches:  26%|██▋       | 1464/5560 [00:28<01:19, 51.37it/s]
Batches:  26%|██▋       | 1470/5560 [00:28<01:19, 51.42it/s]
Batches:  27%|██▋       | 1476/5560 [00:28<01:19, 51.41it/s]
Batches:  27%|██▋       | 1482/5560 [00:28<01:19, 51.34it/s]
Batches:  27%|██▋       | 1488/5560 [00:29<01:19, 51.15it/s]
Batches:  27%|██▋       | 1494/5560 [00:29<01:19, 51.22it/s]
Batches:  27%|██▋       | 1500/5560 [00:29<01:19, 51.26it/s]
Batches:  27%|██▋       | 1506/5560 [00:29<01:18, 51.33it/s]
Batches:  27%|██▋       | 1512/5560 [00:29<01:19, 51.23it/s]
Batches:  27%|██▋       | 1518/5560 [00:29<01:18, 51.21it/s]
Batches:  27%|██▋       | 1524/5560 [00:29<01:18, 51.30it/s]
Batches:  28%|██▊       | 1530/5560 [00:29<01:18, 51.29it/s]
Batches:  28%|██▊       | 1536/5560 [00:29<01:18, 51.15it/s]
Batches:  28%|██▊       | 1542/5560 [00:30<01:18, 51.25it/s]
Batches:  28%|██▊       | 1548/5560 [00:30<01:18, 51.27it/s]
Batches:  28%|██▊       | 1554/5560 [00:30<01:18, 51.26it/s]
Batches:  28%|██▊       | 1560/5560 [00:30<01:18, 51.24it/s]
Batches:  28%|██▊       | 1566/5560 [00:30<01:17, 51.28it/s]
Batches:  28%|██▊       | 1572/5560 [00:30<01:17, 51.36it/s]
Batches:  28%|██▊       | 1578/5560 [00:30<01:17, 51.42it/s]
Batches:  28%|██▊       | 1584/5560 [00:30<01:17, 51.22it/s]
Batches:  29%|██▊       | 1590/5560 [00:31<01:17, 51.29it/s]
Batches:  29%|██▊       | 1596/5560 [00:31<01:17, 51.38it/s]
Batches:  29%|██▉       | 1602/5560 [00:31<01:17, 51.34it/s]
Batches:  29%|██▉       | 1608/5560 [00:31<01:17, 51.20it/s]
Batches:  29%|██▉       | 1614/5560 [00:31<01:17, 51.23it/s]
Batches:  29%|██▉       | 1620/5560 [00:31<01:16, 51.28it/s]
Batches:  29%|██▉       | 1626/5560 [00:31<01:16, 51.19it/s]
Batches:  29%|██▉       | 1632/5560 [00:31<01:16, 51.07it/s]
Batches:  29%|██▉       | 1638/5560 [00:31<01:16, 51.07it/s]
Batches:  30%|██▉       | 1644/5560 [00:32<01:16, 51.06it/s]
Batches:  30%|██▉       | 1650/5560 [00:32<01:16, 51.11it/s]
Batches:  30%|██▉       | 1656/5560 [00:32<01:16, 51.04it/s]
Batches:  30%|██▉       | 1662/5560 [00:32<01:16, 51.07it/s]
Batches:  30%|███       | 1668/5560 [00:32<01:16, 51.09it/s]
Batches:  30%|███       | 1674/5560 [00:32<01:16, 51.05it/s]
Batches:  30%|███       | 1680/5560 [00:32<01:16, 50.99it/s]
Batches:  30%|███       | 1686/5560 [00:32<01:15, 50.98it/s]
Batches:  30%|███       | 1692/5560 [00:33<01:15, 50.98it/s]
Batches:  31%|███       | 1698/5560 [00:33<01:15, 51.03it/s]
Batches:  31%|███       | 1704/5560 [00:33<01:15, 50.97it/s]
Batches:  31%|███       | 1710/5560 [00:33<01:15, 51.04it/s]
Batches:  31%|███       | 1716/5560 [00:33<01:15, 51.05it/s]
Batches:  31%|███       | 1722/5560 [00:33<01:14, 51.19it/s]
Batches:  31%|███       | 1728/5560 [00:33<01:14, 51.11it/s]
Batches:  31%|███       | 1734/5560 [00:33<01:14, 51.06it/s]
Batches:  31%|███▏      | 1740/5560 [00:33<01:14, 51.02it/s]
Batches:  31%|███▏      | 1746/5560 [00:34<01:14, 51.07it/s]
Batches:  32%|███▏      | 1752/5560 [00:34<01:14, 50.97it/s]
Batches:  32%|███▏      | 1758/5560 [00:34<01:14, 51.13it/s]
Batches:  32%|███▏      | 1764/5560 [00:34<01:14, 51.06it/s]
Batches:  32%|███▏      | 1770/5560 [00:34<01:14, 51.04it/s]
Batches:  32%|███▏      | 1776/5560 [00:34<01:14, 50.92it/s]
Batches:  32%|███▏      | 1782/5560 [00:34<01:14, 51.05it/s]
Batches:  32%|███▏      | 1788/5560 [00:34<01:13, 51.01it/s]
Batches:  32%|███▏      | 1794/5560 [00:35<01:13, 51.03it/s]
Batches:  32%|███▏      | 1800/5560 [00:35<01:13, 51.00it/s]
Batches:  32%|███▏      | 1806/5560 [00:35<01:13, 51.15it/s]
Batches:  33%|███▎      | 1812/5560 [00:35<01:13, 51.20it/s]
Batches:  33%|███▎      | 1818/5560 [00:35<01:13, 50.85it/s]
Batches:  33%|███▎      | 1824/5560 [00:35<01:13, 50.79it/s]
Batches:  33%|███▎      | 1830/5560 [00:35<01:13, 50.84it/s]
Batches:  33%|███▎      | 1836/5560 [00:35<01:13, 50.89it/s]
Batches:  33%|███▎      | 1842/5560 [00:35<01:12, 50.96it/s]
Batches:  33%|███▎      | 1848/5560 [00:36<01:12, 50.95it/s]
Batches:  33%|███▎      | 1854/5560 [00:36<01:12, 50.93it/s]
Batches:  33%|███▎      | 1860/5560 [00:36<01:12, 51.03it/s]
Batches:  34%|███▎      | 1866/5560 [00:36<01:12, 51.14it/s]
Batches:  34%|███▎      | 1872/5560 [00:36<01:12, 51.02it/s]
Batches:  34%|███▍      | 1878/5560 [00:36<01:12, 51.08it/s]
Batches:  34%|███▍      | 1884/5560 [00:36<01:12, 51.03it/s]
Batches:  34%|███▍      | 1890/5560 [00:36<01:11, 51.01it/s]
Batches:  34%|███▍      | 1896/5560 [00:37<01:11, 50.94it/s]
Batches:  34%|███▍      | 1902/5560 [00:37<01:11, 50.97it/s]
Batches:  34%|███▍      | 1908/5560 [00:37<01:11, 50.98it/s]
Batches:  34%|███▍      | 1914/5560 [00:37<01:11, 51.04it/s]
Batches:  35%|███▍      | 1920/5560 [00:37<01:11, 50.93it/s]
Batches:  35%|███▍      | 1926/5560 [00:37<01:11, 51.00it/s]
Batches:  35%|███▍      | 1932/5560 [00:37<01:10, 51.13it/s]
Batches:  35%|███▍      | 1938/5560 [00:37<01:10, 51.06it/s]
Batches:  35%|███▍      | 1944/5560 [00:37<01:10, 50.99it/s]
Batches:  35%|███▌      | 1950/5560 [00:38<01:10, 50.97it/s]
Batches:  35%|███▌      | 1956/5560 [00:38<01:10, 50.94it/s]
Batches:  35%|███▌      | 1962/5560 [00:38<01:10, 50.92it/s]
Batches:  35%|███▌      | 1968/5560 [00:38<01:10, 50.93it/s]
Batches:  36%|███▌      | 1974/5560 [00:38<01:10, 51.04it/s]
Batches:  36%|███▌      | 1980/5560 [00:38<01:10, 51.00it/s]
Batches:  36%|███▌      | 1986/5560 [00:38<01:10, 50.97it/s]
Batches:  36%|███▌      | 1992/5560 [00:38<01:10, 50.90it/s]
Batches:  36%|███▌      | 1998/5560 [00:39<01:09, 50.89it/s]
Batches:  36%|███▌      | 2004/5560 [00:39<01:09, 50.94it/s]
Batches:  36%|███▌      | 2010/5560 [00:39<01:09, 50.94it/s]
Batches:  36%|███▋      | 2016/5560 [00:39<01:09, 50.86it/s]
Batches:  36%|███▋      | 2022/5560 [00:39<01:09, 51.03it/s]
Batches:  36%|███▋      | 2028/5560 [00:39<01:09, 50.99it/s]
Batches:  37%|███▋      | 2034/5560 [00:39<01:09, 50.53it/s]
Batches:  37%|███▋      | 2040/5560 [00:39<01:09, 50.56it/s]
Batches:  37%|███▋      | 2046/5560 [00:39<01:09, 50.61it/s]
Batches:  37%|███▋      | 2052/5560 [00:40<01:09, 50.79it/s]
Batches:  37%|███▋      | 2058/5560 [00:40<01:08, 50.86it/s]
Batches:  37%|███▋      | 2064/5560 [00:40<01:08, 50.90it/s]
Batches:  37%|███▋      | 2070/5560 [00:40<01:08, 50.92it/s]
Batches:  37%|███▋      | 2076/5560 [00:40<01:08, 50.95it/s]
Batches:  37%|███▋      | 2082/5560 [00:40<01:08, 50.99it/s]
Batches:  38%|███▊      | 2088/5560 [00:40<01:08, 50.95it/s]
Batches:  38%|███▊      | 2094/5560 [00:40<01:08, 50.97it/s]
Batches:  38%|███▊      | 2100/5560 [00:41<01:07, 51.04it/s]
Batches:  38%|███▊      | 2106/5560 [00:41<01:07, 51.13it/s]
Batches:  38%|███▊      | 2112/5560 [00:41<01:07, 51.05it/s]
Batches:  38%|███▊      | 2118/5560 [00:41<01:07, 51.14it/s]
Batches:  38%|███▊      | 2124/5560 [00:41<01:07, 51.09it/s]
Batches:  38%|███▊      | 2130/5560 [00:41<01:07, 51.18it/s]
Batches:  38%|███▊      | 2136/5560 [00:41<01:07, 51.07it/s]
Batches:  39%|███▊      | 2142/5560 [00:41<01:06, 51.13it/s]
Batches:  39%|███▊      | 2148/5560 [00:41<01:06, 51.09it/s]
Batches:  39%|███▊      | 2154/5560 [00:42<01:06, 51.05it/s]
Batches:  39%|███▉      | 2160/5560 [00:42<01:06, 51.04it/s]
Batches:  39%|███▉      | 2166/5560 [00:42<01:06, 51.02it/s]
Batches:  39%|███▉      | 2172/5560 [00:42<01:06, 51.03it/s]
Batches:  39%|███▉      | 2178/5560 [00:42<01:06, 51.03it/s]
Batches:  39%|███▉      | 2184/5560 [00:42<01:06, 50.92it/s]
Batches:  39%|███▉      | 2190/5560 [00:42<01:06, 50.95it/s]
Batches:  39%|███▉      | 2196/5560 [00:42<01:06, 50.94it/s]
Batches:  40%|███▉      | 2202/5560 [00:43<01:05, 51.01it/s]
Batches:  40%|███▉      | 2208/5560 [00:43<01:05, 51.00it/s]
Batches:  40%|███▉      | 2214/5560 [00:43<01:05, 51.24it/s]
Batches:  40%|███▉      | 2220/5560 [00:43<01:05, 51.21it/s]
Batches:  40%|████      | 2226/5560 [00:43<01:05, 51.17it/s]
Batches:  40%|████      | 2232/5560 [00:43<01:05, 51.06it/s]
Batches:  40%|████      | 2238/5560 [00:43<01:05, 50.90it/s]
Batches:  40%|████      | 2244/5560 [00:43<01:05, 50.94it/s]
Batches:  40%|████      | 2250/5560 [00:43<01:04, 51.06it/s]
Batches:  41%|████      | 2256/5560 [00:44<01:04, 50.99it/s]
Batches:  41%|████      | 2262/5560 [00:44<01:04, 51.01it/s]
Batches:  41%|████      | 2268/5560 [00:44<01:04, 51.07it/s]
Batches:  41%|████      | 2274/5560 [00:44<01:04, 51.06it/s]
Batches:  41%|████      | 2280/5560 [00:44<01:04, 51.10it/s]
Batches:  41%|████      | 2286/5560 [00:44<01:04, 51.11it/s]
Batches:  41%|████      | 2292/5560 [00:44<01:03, 51.16it/s]
Batches:  41%|████▏     | 2298/5560 [00:44<01:03, 51.16it/s]
Batches:  41%|████▏     | 2304/5560 [00:45<01:03, 51.10it/s]
Batches:  42%|████▏     | 2310/5560 [00:45<01:03, 51.14it/s]
Batches:  42%|████▏     | 2316/5560 [00:45<01:03, 51.11it/s]
Batches:  42%|████▏     | 2322/5560 [00:45<01:03, 51.15it/s]
Batches:  42%|████▏     | 2328/5560 [00:45<01:03, 51.08it/s]
Batches:  42%|████▏     | 2334/5560 [00:45<01:03, 51.13it/s]
Batches:  42%|████▏     | 2340/5560 [00:45<01:03, 51.08it/s]
Batches:  42%|████▏     | 2346/5560 [00:45<01:02, 51.07it/s]
Batches:  42%|████▏     | 2352/5560 [00:45<01:02, 51.00it/s]
Batches:  42%|████▏     | 2358/5560 [00:46<01:02, 51.01it/s]
Batches:  43%|████▎     | 2364/5560 [00:46<01:02, 51.06it/s]
Batches:  43%|████▎     | 2370/5560 [00:46<01:02, 51.09it/s]
Batches:  43%|████▎     | 2376/5560 [00:46<01:02, 51.02it/s]
Batches:  43%|████▎     | 2382/5560 [00:46<01:02, 51.10it/s]
Batches:  43%|████▎     | 2388/5560 [00:46<01:02, 51.11it/s]
Batches:  43%|████▎     | 2394/5560 [00:46<01:01, 51.14it/s]
Batches:  43%|████▎     | 2400/5560 [00:46<01:01, 51.04it/s]
Batches:  43%|████▎     | 2406/5560 [00:47<01:01, 51.00it/s]
Batches:  43%|████▎     | 2412/5560 [00:47<01:01, 50.99it/s]
Batches:  43%|████▎     | 2418/5560 [00:47<01:01, 51.03it/s]
Batches:  44%|████▎     | 2424/5560 [00:47<01:01, 50.95it/s]
Batches:  44%|████▎     | 2430/5560 [00:47<01:01, 50.96it/s]
Batches:  44%|████▍     | 2436/5560 [00:47<01:01, 51.02it/s]
Batches:  44%|████▍     | 2442/5560 [00:47<01:01, 51.03it/s]
Batches:  44%|████▍     | 2448/5560 [00:47<01:01, 51.00it/s]
Batches:  44%|████▍     | 2454/5560 [00:47<01:00, 51.02it/s]
Batches:  44%|████▍     | 2460/5560 [00:48<01:00, 51.03it/s]
Batches:  44%|████▍     | 2466/5560 [00:48<01:00, 50.84it/s]
Batches:  44%|████▍     | 2472/5560 [00:48<01:00, 50.85it/s]
Batches:  45%|████▍     | 2478/5560 [00:48<01:00, 50.87it/s]
Batches:  45%|████▍     | 2484/5560 [00:48<01:00, 50.92it/s]
Batches:  45%|████▍     | 2490/5560 [00:48<01:00, 50.95it/s]
Batches:  45%|████▍     | 2496/5560 [00:48<01:00, 50.91it/s]
Batches:  45%|████▌     | 2502/5560 [00:48<01:00, 50.96it/s]
Batches:  45%|████▌     | 2508/5560 [00:49<00:59, 51.02it/s]
Batches:  45%|████▌     | 2514/5560 [00:49<00:59, 51.23it/s]
Batches:  45%|████▌     | 2520/5560 [00:49<00:59, 51.09it/s]
Batches:  45%|████▌     | 2526/5560 [00:49<00:59, 51.06it/s]
Batches:  46%|████▌     | 2532/5560 [00:49<00:59, 51.14it/s]
Batches:  46%|████▌     | 2538/5560 [00:49<00:59, 51.12it/s]
Batches:  46%|████▌     | 2544/5560 [00:49<00:59, 51.07it/s]
Batches:  46%|████▌     | 2550/5560 [00:49<00:58, 51.08it/s]
Batches:  46%|████▌     | 2556/5560 [00:49<00:58, 51.03it/s]
Batches:  46%|████▌     | 2562/5560 [00:50<00:58, 51.03it/s]
Batches:  46%|████▌     | 2568/5560 [00:50<00:58, 50.99it/s]
Batches:  46%|████▋     | 2574/5560 [00:50<00:58, 50.97it/s]
Batches:  46%|████▋     | 2580/5560 [00:50<00:58, 50.97it/s]
Batches:  47%|████▋     | 2586/5560 [00:50<00:58, 50.96it/s]
Batches:  47%|████▋     | 2592/5560 [00:50<00:58, 50.91it/s]
Batches:  47%|████▋     | 2598/5560 [00:50<00:58, 50.94it/s]
Batches:  47%|████▋     | 2604/5560 [00:50<00:57, 50.98it/s]
Batches:  47%|████▋     | 2610/5560 [00:51<00:57, 50.96it/s]
Batches:  47%|████▋     | 2616/5560 [00:51<00:57, 50.91it/s]
Batches:  47%|████▋     | 2622/5560 [00:51<00:57, 50.92it/s]
Batches:  47%|████▋     | 2628/5560 [00:51<00:57, 50.98it/s]
Batches:  47%|████▋     | 2634/5560 [00:51<00:57, 50.98it/s]
Batches:  47%|████▋     | 2640/5560 [00:51<00:57, 50.92it/s]
Batches:  48%|████▊     | 2646/5560 [00:51<00:57, 50.92it/s]
Batches:  48%|████▊     | 2652/5560 [00:51<00:57, 50.95it/s]
Batches:  48%|████▊     | 2658/5560 [00:51<00:56, 50.94it/s]
Batches:  48%|████▊     | 2664/5560 [00:52<00:56, 50.87it/s]
Batches:  48%|████▊     | 2670/5560 [00:52<00:56, 50.87it/s]
Batches:  48%|████▊     | 2676/5560 [00:52<00:56, 50.89it/s]
Batches:  48%|████▊     | 2682/5560 [00:52<00:56, 50.92it/s]
Batches:  48%|████▊     | 2688/5560 [00:52<00:56, 50.90it/s]
Batches:  48%|████▊     | 2694/5560 [00:52<00:56, 50.88it/s]
Batches:  49%|████▊     | 2700/5560 [00:52<00:56, 50.94it/s]
Batches:  49%|████▊     | 2706/5560 [00:52<00:55, 50.96it/s]
Batches:  49%|████▉     | 2712/5560 [00:53<00:55, 50.94it/s]
Batches:  49%|████▉     | 2718/5560 [00:53<00:55, 50.94it/s]
Batches:  49%|████▉     | 2724/5560 [00:53<00:55, 50.98it/s]
Batches:  49%|████▉     | 2730/5560 [00:53<00:55, 50.99it/s]
Batches:  49%|████▉     | 2736/5560 [00:53<00:55, 50.97it/s]
Batches:  49%|████▉     | 2742/5560 [00:53<00:55, 50.98it/s]
Batches:  49%|████▉     | 2748/5560 [00:53<00:55, 51.04it/s]
Batches:  50%|████▉     | 2754/5560 [00:53<00:55, 51.02it/s]
Batches:  50%|████▉     | 2760/5560 [00:53<00:54, 50.97it/s]
Batches:  50%|████▉     | 2766/5560 [00:54<00:54, 51.00it/s]
Batches:  50%|████▉     | 2772/5560 [00:54<00:54, 51.00it/s]
Batches:  50%|████▉     | 2778/5560 [00:54<00:54, 50.98it/s]
Batches:  50%|█████     | 2784/5560 [00:54<00:54, 50.89it/s]
Batches:  50%|█████     | 2790/5560 [00:54<00:54, 50.90it/s]
Batches:  50%|█████     | 2796/5560 [00:54<00:54, 50.92it/s]
Batches:  50%|█████     | 2802/5560 [00:54<00:54, 50.98it/s]
Batches:  51%|█████     | 2808/5560 [00:54<00:53, 50.98it/s]
Batches:  51%|█████     | 2814/5560 [00:55<00:53, 51.03it/s]
Batches:  51%|█████     | 2820/5560 [00:55<00:53, 51.05it/s]
Batches:  51%|█████     | 2826/5560 [00:55<00:53, 51.05it/s]
Batches:  51%|█████     | 2832/5560 [00:55<00:53, 51.00it/s]
Batches:  51%|█████     | 2838/5560 [00:55<00:53, 50.98it/s]
Batches:  51%|█████     | 2844/5560 [00:55<00:53, 51.05it/s]
Batches:  51%|█████▏    | 2850/5560 [00:55<00:53, 51.07it/s]
Batches:  51%|█████▏    | 2856/5560 [00:55<00:53, 50.98it/s]
Batches:  51%|█████▏    | 2862/5560 [00:55<00:52, 50.98it/s]
Batches:  52%|█████▏    | 2868/5560 [00:56<00:52, 51.08it/s]
Batches:  52%|█████▏    | 2874/5560 [00:56<00:52, 51.14it/s]
Batches:  52%|█████▏    | 2880/5560 [00:56<00:52, 51.08it/s]
Batches:  52%|█████▏    | 2886/5560 [00:56<00:52, 51.05it/s]
Batches:  52%|█████▏    | 2892/5560 [00:56<00:52, 51.06it/s]
Batches:  52%|█████▏    | 2898/5560 [00:56<00:52, 51.03it/s]
Batches:  52%|█████▏    | 2904/5560 [00:56<00:52, 51.00it/s]
Batches:  52%|█████▏    | 2910/5560 [00:56<00:51, 51.03it/s]
Batches:  52%|█████▏    | 2916/5560 [00:57<00:51, 51.04it/s]
Batches:  53%|█████▎    | 2922/5560 [00:57<00:51, 50.90it/s]
Batches:  53%|█████▎    | 2928/5560 [00:57<00:51, 50.88it/s]
Batches:  53%|█████▎    | 2934/5560 [00:57<00:51, 50.98it/s]
Batches:  53%|█████▎    | 2940/5560 [00:57<00:51, 50.99it/s]
Batches:  53%|█████▎    | 2946/5560 [00:57<00:51, 50.99it/s]
Batches:  53%|█████▎    | 2952/5560 [00:57<00:51, 50.92it/s]
Batches:  53%|█████▎    | 2958/5560 [00:57<00:51, 50.98it/s]
Batches:  53%|█████▎    | 2964/5560 [00:57<00:50, 51.03it/s]
Batches:  53%|█████▎    | 2970/5560 [00:58<00:50, 51.09it/s]
Batches:  54%|█████▎    | 2976/5560 [00:58<00:50, 51.00it/s]
Batches:  54%|█████▎    | 2982/5560 [00:58<00:50, 51.05it/s]
Batches:  54%|█████▎    | 2988/5560 [00:58<00:50, 51.02it/s]
Batches:  54%|█████▍    | 2994/5560 [00:58<00:50, 51.02it/s]
Batches:  54%|█████▍    | 3000/5560 [00:58<00:50, 51.02it/s]
Batches:  54%|█████▍    | 3006/5560 [00:58<00:50, 51.05it/s]
Batches:  54%|█████▍    | 3012/5560 [00:58<00:49, 51.09it/s]
Batches:  54%|█████▍    | 3018/5560 [00:59<00:49, 51.07it/s]
Batches:  54%|█████▍    | 3024/5560 [00:59<00:49, 51.02it/s]
Batches:  54%|█████▍    | 3030/5560 [00:59<00:49, 50.97it/s]
Batches:  55%|█████▍    | 3036/5560 [00:59<00:49, 51.01it/s]
Batches:  55%|█████▍    | 3042/5560 [00:59<00:49, 51.05it/s]
Batches:  55%|█████▍    | 3048/5560 [00:59<00:49, 51.01it/s]
Batches:  55%|█████▍    | 3054/5560 [00:59<00:49, 50.99it/s]
Batches:  55%|█████▌    | 3060/5560 [00:59<00:49, 51.01it/s]
Batches:  55%|█████▌    | 3066/5560 [00:59<00:48, 51.04it/s]
Batches:  55%|█████▌    | 3072/5560 [01:00<00:48, 50.99it/s]
Batches:  55%|█████▌    | 3078/5560 [01:00<00:48, 51.02it/s]
Batches:  55%|█████▌    | 3084/5560 [01:00<00:48, 51.07it/s]
Batches:  56%|█████▌    | 3090/5560 [01:00<00:48, 51.08it/s]
Batches:  56%|█████▌    | 3096/5560 [01:00<00:48, 51.05it/s]
Batches:  56%|█████▌    | 3102/5560 [01:00<00:48, 51.11it/s]
Batches:  56%|█████▌    | 3108/5560 [01:00<00:48, 51.08it/s]
Batches:  56%|█████▌    | 3114/5560 [01:00<00:47, 51.11it/s]
Batches:  56%|█████▌    | 3120/5560 [01:01<00:47, 51.07it/s]
Batches:  56%|█████▌    | 3126/5560 [01:01<00:47, 51.08it/s]
Batches:  56%|█████▋    | 3132/5560 [01:01<00:47, 51.08it/s]
Batches:  56%|█████▋    | 3138/5560 [01:01<00:47, 51.05it/s]
Batches:  57%|█████▋    | 3144/5560 [01:01<00:47, 50.88it/s]
Batches:  57%|█████▋    | 3150/5560 [01:01<00:47, 50.86it/s]
Batches:  57%|█████▋    | 3156/5560 [01:01<00:47, 50.92it/s]
Batches:  57%|█████▋    | 3162/5560 [01:01<00:47, 51.02it/s]
Batches:  57%|█████▋    | 3168/5560 [01:01<00:46, 50.97it/s]
Batches:  57%|█████▋    | 3174/5560 [01:02<00:46, 51.02it/s]
Batches:  57%|█████▋    | 3180/5560 [01:02<00:46, 51.07it/s]
Batches:  57%|█████▋    | 3186/5560 [01:02<00:46, 51.08it/s]
Batches:  57%|█████▋    | 3192/5560 [01:02<00:46, 51.04it/s]
Batches:  58%|█████▊    | 3198/5560 [01:02<00:46, 51.05it/s]
Batches:  58%|█████▊    | 3204/5560 [01:02<00:46, 51.12it/s]
Batches:  58%|█████▊    | 3210/5560 [01:02<00:45, 51.10it/s]
Batches:  58%|█████▊    | 3216/5560 [01:02<00:45, 51.00it/s]
Batches:  58%|█████▊    | 3222/5560 [01:03<00:45, 51.01it/s]
Batches:  58%|█████▊    | 3228/5560 [01:03<00:45, 51.06it/s]
Batches:  58%|█████▊    | 3234/5560 [01:03<00:45, 51.09it/s]
Batches:  58%|█████▊    | 3240/5560 [01:03<00:45, 51.00it/s]
Batches:  58%|█████▊    | 3246/5560 [01:03<00:45, 51.01it/s]
Batches:  58%|█████▊    | 3252/5560 [01:03<00:45, 51.04it/s]
Batches:  59%|█████▊    | 3258/5560 [01:03<00:45, 51.07it/s]
Batches:  59%|█████▊    | 3264/5560 [01:03<00:45, 51.01it/s]
Batches:  59%|█████▉    | 3270/5560 [01:03<00:44, 51.02it/s]
Batches:  59%|█████▉    | 3276/5560 [01:04<00:44, 51.04it/s]
Batches:  59%|█████▉    | 3282/5560 [01:04<00:44, 51.08it/s]
Batches:  59%|█████▉    | 3288/5560 [01:04<00:44, 51.04it/s]
Batches:  59%|█████▉    | 3294/5560 [01:04<00:44, 51.09it/s]
Batches:  59%|█████▉    | 3300/5560 [01:04<00:44, 51.12it/s]
Batches:  59%|█████▉    | 3306/5560 [01:04<00:44, 51.16it/s]
Batches:  60%|█████▉    | 3312/5560 [01:04<00:44, 51.06it/s]
Batches:  60%|█████▉    | 3318/5560 [01:04<00:43, 51.08it/s]
Batches:  60%|█████▉    | 3324/5560 [01:05<00:43, 51.06it/s]
Batches:  60%|█████▉    | 3330/5560 [01:05<00:43, 51.09it/s]
Batches:  60%|██████    | 3336/5560 [01:05<00:43, 51.03it/s]
Batches:  60%|██████    | 3342/5560 [01:05<00:43, 51.08it/s]
Batches:  60%|██████    | 3348/5560 [01:05<00:43, 51.16it/s]
Batches:  60%|██████    | 3354/5560 [01:05<00:43, 51.16it/s]
Batches:  60%|██████    | 3360/5560 [01:05<00:43, 51.06it/s]
Batches:  61%|██████    | 3366/5560 [01:06<01:19, 27.57it/s]
Batches:  61%|██████    | 3372/5560 [01:06<01:08, 32.00it/s]
Batches:  61%|██████    | 3378/5560 [01:06<01:00, 36.05it/s]
Batches:  61%|██████    | 3384/5560 [01:06<00:55, 39.56it/s]
Batches:  61%|██████    | 3390/5560 [01:06<00:51, 42.45it/s]
Batches:  61%|██████    | 3396/5560 [01:06<00:48, 44.75it/s]
Batches:  61%|██████    | 3402/5560 [01:06<00:46, 46.53it/s]
Batches:  61%|██████▏   | 3408/5560 [01:06<00:45, 47.78it/s]
Batches:  61%|██████▏   | 3414/5560 [01:07<00:44, 48.76it/s]
Batches:  62%|██████▏   | 3420/5560 [01:07<00:43, 49.51it/s]
Batches:  62%|██████▏   | 3426/5560 [01:07<00:42, 50.09it/s]
Batches:  62%|██████▏   | 3432/5560 [01:07<00:42, 50.44it/s]
Batches:  62%|██████▏   | 3438/5560 [01:07<00:41, 50.73it/s]
Batches:  62%|██████▏   | 3444/5560 [01:07<00:41, 51.00it/s]
Batches:  62%|██████▏   | 3450/5560 [01:07<00:41, 51.12it/s]
Batches:  62%|██████▏   | 3456/5560 [01:07<00:41, 51.19it/s]
Batches:  62%|██████▏   | 3462/5560 [01:08<00:40, 51.23it/s]
Batches:  62%|██████▏   | 3468/5560 [01:08<00:40, 51.24it/s]
Batches:  62%|██████▏   | 3474/5560 [01:08<00:40, 51.30it/s]
Batches:  63%|██████▎   | 3480/5560 [01:08<00:40, 51.25it/s]
Batches:  63%|██████▎   | 3486/5560 [01:08<00:40, 51.26it/s]
Batches:  63%|██████▎   | 3492/5560 [01:08<00:40, 51.35it/s]
Batches:  63%|██████▎   | 3498/5560 [01:08<00:40, 51.40it/s]
Batches:  63%|██████▎   | 3504/5560 [01:08<00:40, 51.37it/s]
Batches:  63%|██████▎   | 3510/5560 [01:08<00:39, 51.39it/s]
Batches:  63%|██████▎   | 3516/5560 [01:09<00:39, 51.43it/s]
Batches:  63%|██████▎   | 3522/5560 [01:09<00:39, 51.44it/s]
Batches:  63%|██████▎   | 3528/5560 [01:09<00:39, 51.44it/s]
Batches:  64%|██████▎   | 3534/5560 [01:09<00:39, 51.41it/s]
Batches:  64%|██████▎   | 3540/5560 [01:09<00:39, 51.42it/s]
Batches:  64%|██████▍   | 3546/5560 [01:09<00:39, 51.48it/s]
Batches:  64%|██████▍   | 3552/5560 [01:09<00:39, 51.42it/s]
Batches:  64%|██████▍   | 3558/5560 [01:09<00:38, 51.44it/s]
Batches:  64%|██████▍   | 3564/5560 [01:10<00:38, 51.42it/s]
Batches:  64%|██████▍   | 3570/5560 [01:10<00:38, 51.48it/s]
Batches:  64%|██████▍   | 3576/5560 [01:10<00:38, 51.42it/s]
Batches:  64%|██████▍   | 3582/5560 [01:10<00:38, 51.41it/s]
Batches:  65%|██████▍   | 3588/5560 [01:10<00:38, 51.42it/s]
Batches:  65%|██████▍   | 3594/5560 [01:10<00:38, 51.49it/s]
Batches:  65%|██████▍   | 3600/5560 [01:10<00:38, 51.43it/s]
Batches:  65%|██████▍   | 3606/5560 [01:10<00:37, 51.45it/s]
Batches:  65%|██████▍   | 3612/5560 [01:10<00:37, 51.46it/s]
Batches:  65%|██████▌   | 3618/5560 [01:11<00:37, 51.48it/s]
Batches:  65%|██████▌   | 3624/5560 [01:11<00:37, 51.44it/s]
Batches:  65%|██████▌   | 3630/5560 [01:11<00:37, 51.37it/s]
Batches:  65%|██████▌   | 3636/5560 [01:11<00:37, 51.37it/s]
Batches:  66%|██████▌   | 3642/5560 [01:11<00:37, 51.41it/s]
Batches:  66%|██████▌   | 3648/5560 [01:11<00:37, 51.41it/s]
Batches:  66%|██████▌   | 3654/5560 [01:11<00:37, 51.44it/s]
Batches:  66%|██████▌   | 3660/5560 [01:11<00:36, 51.46it/s]
Batches:  66%|██████▌   | 3666/5560 [01:12<00:36, 51.48it/s]
Batches:  66%|██████▌   | 3672/5560 [01:12<00:36, 51.42it/s]
Batches:  66%|██████▌   | 3678/5560 [01:12<00:36, 51.44it/s]
Batches:  66%|██████▋   | 3684/5560 [01:12<00:36, 51.49it/s]
Batches:  66%|██████▋   | 3690/5560 [01:12<00:36, 51.49it/s]
Batches:  66%|██████▋   | 3696/5560 [01:12<00:36, 51.48it/s]
Batches:  67%|██████▋   | 3702/5560 [01:12<00:36, 51.50it/s]
Batches:  67%|██████▋   | 3708/5560 [01:12<00:35, 51.52it/s]
Batches:  67%|██████▋   | 3714/5560 [01:12<00:35, 51.53it/s]
Batches:  67%|██████▋   | 3720/5560 [01:13<00:35, 51.46it/s]
Batches:  67%|██████▋   | 3726/5560 [01:13<00:35, 51.47it/s]
Batches:  67%|██████▋   | 3732/5560 [01:13<00:35, 51.51it/s]
Batches:  67%|██████▋   | 3738/5560 [01:13<00:35, 51.54it/s]
Batches:  67%|██████▋   | 3744/5560 [01:13<00:35, 51.50it/s]
Batches:  67%|██████▋   | 3750/5560 [01:13<00:35, 51.41it/s]
Batches:  68%|██████▊   | 3756/5560 [01:13<00:35, 51.31it/s]
Batches:  68%|██████▊   | 3762/5560 [01:13<00:34, 51.38it/s]
Batches:  68%|██████▊   | 3768/5560 [01:13<00:34, 51.42it/s]
Batches:  68%|██████▊   | 3774/5560 [01:14<00:34, 51.35it/s]
Batches:  68%|██████▊   | 3780/5560 [01:14<00:34, 51.42it/s]
Batches:  68%|██████▊   | 3786/5560 [01:14<00:34, 51.47it/s]
Batches:  68%|██████▊   | 3792/5560 [01:14<00:34, 51.50it/s]
Batches:  68%|██████▊   | 3798/5560 [01:14<00:34, 51.41it/s]
Batches:  68%|██████▊   | 3804/5560 [01:14<00:34, 51.46it/s]
Batches:  69%|██████▊   | 3810/5560 [01:14<00:33, 51.50it/s]
Batches:  69%|██████▊   | 3816/5560 [01:14<00:33, 51.53it/s]
Batches:  69%|██████▊   | 3822/5560 [01:15<00:33, 51.43it/s]
Batches:  69%|██████▉   | 3828/5560 [01:15<00:33, 51.44it/s]
Batches:  69%|██████▉   | 3834/5560 [01:15<00:33, 51.49it/s]
Batches:  69%|██████▉   | 3840/5560 [01:15<00:33, 51.46it/s]
Batches:  69%|██████▉   | 3846/5560 [01:15<00:33, 51.41it/s]
Batches:  69%|██████▉   | 3852/5560 [01:15<00:33, 51.48it/s]
Batches:  69%|██████▉   | 3858/5560 [01:15<00:33, 51.53it/s]
Batches:  69%|██████▉   | 3864/5560 [01:15<00:32, 51.56it/s]
Batches:  70%|██████▉   | 3870/5560 [01:15<00:32, 51.50it/s]
Batches:  70%|██████▉   | 3876/5560 [01:16<00:32, 51.55it/s]
Batches:  70%|██████▉   | 3882/5560 [01:16<00:32, 51.58it/s]
Batches:  70%|██████▉   | 3888/5560 [01:16<00:32, 51.59it/s]
Batches:  70%|███████   | 3894/5560 [01:16<00:32, 51.50it/s]
Batches:  70%|███████   | 3900/5560 [01:16<00:32, 51.49it/s]
Batches:  70%|███████   | 3906/5560 [01:16<00:32, 51.51it/s]
Batches:  70%|███████   | 3912/5560 [01:16<00:31, 51.53it/s]
Batches:  70%|███████   | 3918/5560 [01:16<00:31, 51.48it/s]
Batches:  71%|███████   | 3924/5560 [01:17<00:31, 51.50it/s]
Batches:  71%|███████   | 3930/5560 [01:17<00:31, 51.53it/s]
Batches:  71%|███████   | 3936/5560 [01:17<00:31, 51.52it/s]
Batches:  71%|███████   | 3942/5560 [01:17<00:31, 51.45it/s]
Batches:  71%|███████   | 3948/5560 [01:17<00:31, 51.48it/s]
Batches:  71%|███████   | 3954/5560 [01:17<00:31, 51.51it/s]
Batches:  71%|███████   | 3960/5560 [01:17<00:31, 51.52it/s]
Batches:  71%|███████▏  | 3966/5560 [01:17<00:30, 51.45it/s]
Batches:  71%|███████▏  | 3972/5560 [01:17<00:30, 51.47it/s]
Batches:  72%|███████▏  | 3978/5560 [01:18<00:30, 51.49it/s]
Batches:  72%|███████▏  | 3984/5560 [01:18<00:30, 51.52it/s]
Batches:  72%|███████▏  | 3990/5560 [01:18<00:30, 51.47it/s]
Batches:  72%|███████▏  | 3996/5560 [01:18<00:30, 51.54it/s]
Batches:  72%|███████▏  | 4002/5560 [01:18<00:30, 51.54it/s]
Batches:  72%|███████▏  | 4008/5560 [01:18<00:30, 51.52it/s]
Batches:  72%|███████▏  | 4014/5560 [01:18<00:30, 51.41it/s]
Batches:  72%|███████▏  | 4020/5560 [01:18<00:29, 51.44it/s]
Batches:  72%|███████▏  | 4026/5560 [01:19<00:29, 51.43it/s]
Batches:  73%|███████▎  | 4032/5560 [01:19<00:29, 51.47it/s]
Batches:  73%|███████▎  | 4038/5560 [01:19<00:29, 51.37it/s]
Batches:  73%|███████▎  | 4044/5560 [01:19<00:29, 51.38it/s]
Batches:  73%|███████▎  | 4050/5560 [01:19<00:29, 51.38it/s]
Batches:  73%|███████▎  | 4056/5560 [01:19<00:29, 51.44it/s]
Batches:  73%|███████▎  | 4062/5560 [01:19<00:29, 51.42it/s]
Batches:  73%|███████▎  | 4068/5560 [01:19<00:28, 51.47it/s]
Batches:  73%|███████▎  | 4074/5560 [01:19<00:28, 51.51it/s]
Batches:  73%|███████▎  | 4080/5560 [01:20<00:28, 51.53it/s]
Batches:  73%|███████▎  | 4086/5560 [01:20<00:28, 51.44it/s]
Batches:  74%|███████▎  | 4092/5560 [01:20<00:28, 51.49it/s]
Batches:  74%|███████▎  | 4098/5560 [01:20<00:28, 51.49it/s]
Batches:  74%|███████▍  | 4104/5560 [01:20<00:28, 51.53it/s]
Batches:  74%|███████▍  | 4110/5560 [01:20<00:28, 51.44it/s]
Batches:  74%|███████▍  | 4116/5560 [01:20<00:28, 51.48it/s]
Batches:  74%|███████▍  | 4122/5560 [01:20<00:27, 51.47it/s]
Batches:  74%|███████▍  | 4128/5560 [01:20<00:27, 51.48it/s]
Batches:  74%|███████▍  | 4134/5560 [01:21<00:27, 51.43it/s]
Batches:  74%|███████▍  | 4140/5560 [01:21<00:27, 51.44it/s]
Batches:  75%|███████▍  | 4146/5560 [01:21<00:27, 51.46it/s]
Batches:  75%|███████▍  | 4152/5560 [01:21<00:27, 51.46it/s]
Batches:  75%|███████▍  | 4158/5560 [01:21<00:27, 51.41it/s]
Batches:  75%|███████▍  | 4164/5560 [01:21<00:27, 51.46it/s]
Batches:  75%|███████▌  | 4170/5560 [01:21<00:26, 51.51it/s]
Batches:  75%|███████▌  | 4176/5560 [01:21<00:26, 51.55it/s]
Batches:  75%|███████▌  | 4182/5560 [01:22<00:26, 51.49it/s]
Batches:  75%|███████▌  | 4188/5560 [01:22<00:26, 51.53it/s]
Batches:  75%|███████▌  | 4194/5560 [01:22<00:26, 51.59it/s]
Batches:  76%|███████▌  | 4200/5560 [01:22<00:26, 51.63it/s]
Batches:  76%|███████▌  | 4206/5560 [01:22<00:26, 51.54it/s]
Batches:  76%|███████▌  | 4212/5560 [01:22<00:26, 51.56it/s]
Batches:  76%|███████▌  | 4218/5560 [01:22<00:26, 51.55it/s]
Batches:  76%|███████▌  | 4224/5560 [01:22<00:25, 51.58it/s]
Batches:  76%|███████▌  | 4230/5560 [01:22<00:25, 51.51it/s]
Batches:  76%|███████▌  | 4236/5560 [01:23<00:25, 51.50it/s]
Batches:  76%|███████▋  | 4242/5560 [01:23<00:25, 51.50it/s]
Batches:  76%|███████▋  | 4248/5560 [01:23<00:25, 51.49it/s]
Batches:  77%|███████▋  | 4254/5560 [01:23<00:25, 51.43it/s]
Batches:  77%|███████▋  | 4260/5560 [01:23<00:25, 51.25it/s]
Batches:  77%|███████▋  | 4266/5560 [01:23<00:25, 51.26it/s]
Batches:  77%|███████▋  | 4272/5560 [01:23<00:25, 51.34it/s]
Batches:  77%|███████▋  | 4278/5560 [01:23<00:24, 51.31it/s]
Batches:  77%|███████▋  | 4284/5560 [01:24<00:24, 51.40it/s]
Batches:  77%|███████▋  | 4290/5560 [01:24<00:24, 51.52it/s]
Batches:  77%|███████▋  | 4296/5560 [01:24<00:24, 51.43it/s]
Batches:  77%|███████▋  | 4302/5560 [01:24<00:24, 51.38it/s]
Batches:  77%|███████▋  | 4308/5560 [01:24<00:24, 51.39it/s]
Batches:  78%|███████▊  | 4314/5560 [01:24<00:24, 51.40it/s]
Batches:  78%|███████▊  | 4320/5560 [01:24<00:24, 51.47it/s]
Batches:  78%|███████▊  | 4326/5560 [01:24<00:23, 51.46it/s]
Batches:  78%|███████▊  | 4332/5560 [01:24<00:23, 51.53it/s]
Batches:  78%|███████▊  | 4338/5560 [01:25<00:23, 51.57it/s]
Batches:  78%|███████▊  | 4344/5560 [01:25<00:23, 51.57it/s]
Batches:  78%|███████▊  | 4350/5560 [01:25<00:23, 51.51it/s]
Batches:  78%|███████▊  | 4356/5560 [01:25<00:23, 51.48it/s]
Batches:  78%|███████▊  | 4362/5560 [01:25<00:23, 51.52it/s]
Batches:  79%|███████▊  | 4368/5560 [01:25<00:23, 51.62it/s]
Batches:  79%|███████▊  | 4374/5560 [01:25<00:22, 51.60it/s]
Batches:  79%|███████▉  | 4380/5560 [01:25<00:22, 51.60it/s]
Batches:  79%|███████▉  | 4386/5560 [01:25<00:22, 51.61it/s]
Batches:  79%|███████▉  | 4392/5560 [01:26<00:22, 51.62it/s]
Batches:  79%|███████▉  | 4398/5560 [01:26<00:22, 51.54it/s]
Batches:  79%|███████▉  | 4404/5560 [01:26<00:22, 51.62it/s]
Batches:  79%|███████▉  | 4410/5560 [01:26<00:22, 51.63it/s]
Batches:  79%|███████▉  | 4416/5560 [01:26<00:22, 51.60it/s]
Batches:  80%|███████▉  | 4422/5560 [01:26<00:22, 51.50it/s]
Batches:  80%|███████▉  | 4428/5560 [01:26<00:21, 51.51it/s]
Batches:  80%|███████▉  | 4434/5560 [01:26<00:21, 51.51it/s]
Batches:  80%|███████▉  | 4440/5560 [01:27<00:21, 51.50it/s]
Batches:  80%|███████▉  | 4446/5560 [01:27<00:21, 51.44it/s]
Batches:  80%|████████  | 4452/5560 [01:27<00:21, 51.52it/s]
Batches:  80%|████████  | 4458/5560 [01:27<00:21, 51.60it/s]
Batches:  80%|████████  | 4464/5560 [01:27<00:21, 51.60it/s]
Batches:  80%|████████  | 4470/5560 [01:27<00:21, 51.61it/s]
Batches:  81%|████████  | 4476/5560 [01:27<00:21, 51.57it/s]
Batches:  81%|████████  | 4482/5560 [01:27<00:20, 51.60it/s]
Batches:  81%|████████  | 4488/5560 [01:27<00:20, 51.62it/s]
Batches:  81%|████████  | 4494/5560 [01:28<00:20, 51.07it/s]
Batches:  81%|████████  | 4500/5560 [01:28<00:20, 51.21it/s]
Batches:  81%|████████  | 4506/5560 [01:28<00:20, 51.33it/s]
Batches:  81%|████████  | 4512/5560 [01:28<00:20, 51.37it/s]
Batches:  81%|████████▏ | 4518/5560 [01:28<00:20, 51.36it/s]
Batches:  81%|████████▏ | 4524/5560 [01:28<00:20, 51.42it/s]
Batches:  81%|████████▏ | 4530/5560 [01:28<00:20, 51.48it/s]
Batches:  82%|████████▏ | 4536/5560 [01:28<00:19, 51.51it/s]
Batches:  82%|████████▏ | 4542/5560 [01:29<00:19, 51.52it/s]
Batches:  82%|████████▏ | 4548/5560 [01:29<00:19, 51.54it/s]
Batches:  82%|████████▏ | 4554/5560 [01:29<00:19, 51.53it/s]
Batches:  82%|████████▏ | 4560/5560 [01:29<00:19, 51.63it/s]
Batches:  82%|████████▏ | 4566/5560 [01:29<00:19, 51.53it/s]
Batches:  82%|████████▏ | 4572/5560 [01:29<00:19, 51.66it/s]
Batches:  82%|████████▏ | 4578/5560 [01:29<00:19, 51.63it/s]
Batches:  82%|████████▏ | 4584/5560 [01:29<00:18, 51.63it/s]
Batches:  83%|████████▎ | 4590/5560 [01:29<00:18, 51.51it/s]
Batches:  83%|████████▎ | 4596/5560 [01:30<00:18, 51.63it/s]
Batches:  83%|████████▎ | 4602/5560 [01:30<00:18, 51.66it/s]
Batches:  83%|████████▎ | 4608/5560 [01:30<00:18, 51.59it/s]
Batches:  83%|████████▎ | 4614/5560 [01:30<00:18, 51.53it/s]
Batches:  83%|████████▎ | 4620/5560 [01:30<00:18, 51.59it/s]
Batches:  83%|████████▎ | 4626/5560 [01:30<00:18, 51.73it/s]
Batches:  83%|████████▎ | 4632/5560 [01:30<00:17, 51.69it/s]
Batches:  83%|████████▎ | 4638/5560 [01:30<00:17, 51.56it/s]
Batches:  84%|████████▎ | 4644/5560 [01:31<00:17, 51.54it/s]
Batches:  84%|████████▎ | 4650/5560 [01:31<00:17, 51.54it/s]
Batches:  84%|████████▎ | 4656/5560 [01:31<00:17, 51.54it/s]
Batches:  84%|████████▍ | 4662/5560 [01:31<00:17, 51.56it/s]
Batches:  84%|████████▍ | 4668/5560 [01:31<00:17, 51.55it/s]
Batches:  84%|████████▍ | 4674/5560 [01:31<00:17, 51.65it/s]
Batches:  84%|████████▍ | 4680/5560 [01:31<00:17, 51.69it/s]
Batches:  84%|████████▍ | 4686/5560 [01:31<00:16, 51.69it/s]
Batches:  84%|████████▍ | 4692/5560 [01:31<00:16, 51.66it/s]
Batches:  84%|████████▍ | 4698/5560 [01:32<00:16, 51.84it/s]
Batches:  85%|████████▍ | 4704/5560 [01:32<00:16, 51.76it/s]
Batches:  85%|████████▍ | 4710/5560 [01:32<00:16, 51.80it/s]
Batches:  85%|████████▍ | 4716/5560 [01:32<00:16, 51.78it/s]
Batches:  85%|████████▍ | 4722/5560 [01:32<00:16, 51.23it/s]
Batches:  85%|████████▌ | 4728/5560 [01:32<00:16, 51.31it/s]
Batches:  85%|████████▌ | 4734/5560 [01:32<00:16, 51.28it/s]
Batches:  85%|████████▌ | 4740/5560 [01:32<00:15, 51.42it/s]
Batches:  85%|████████▌ | 4746/5560 [01:32<00:15, 51.47it/s]
Batches:  85%|████████▌ | 4752/5560 [01:33<00:15, 51.52it/s]
Batches:  86%|████████▌ | 4758/5560 [01:33<00:15, 51.46it/s]
Batches:  86%|████████▌ | 4764/5560 [01:33<00:15, 51.58it/s]
Batches:  86%|████████▌ | 4770/5560 [01:33<00:15, 51.76it/s]
Batches:  86%|████████▌ | 4776/5560 [01:33<00:15, 51.77it/s]
Batches:  86%|████████▌ | 4782/5560 [01:33<00:15, 51.78it/s]
Batches:  86%|████████▌ | 4788/5560 [01:33<00:14, 51.74it/s]
Batches:  86%|████████▌ | 4794/5560 [01:33<00:14, 51.88it/s]
Batches:  86%|████████▋ | 4800/5560 [01:34<00:14, 51.86it/s]
Batches:  86%|████████▋ | 4806/5560 [01:34<00:14, 51.86it/s]
Batches:  87%|████████▋ | 4812/5560 [01:34<00:14, 51.97it/s]
Batches:  87%|████████▋ | 4818/5560 [01:34<00:14, 51.85it/s]
Batches:  87%|████████▋ | 4824/5560 [01:34<00:14, 51.77it/s]
Batches:  87%|████████▋ | 4830/5560 [01:34<00:14, 51.80it/s]
Batches:  87%|████████▋ | 4836/5560 [01:34<00:13, 51.79it/s]
Batches:  87%|████████▋ | 4842/5560 [01:34<00:13, 51.94it/s]
Batches:  87%|████████▋ | 4848/5560 [01:34<00:13, 51.95it/s]
Batches:  87%|████████▋ | 4854/5560 [01:35<00:13, 51.81it/s]
Batches:  87%|████████▋ | 4860/5560 [01:35<00:13, 51.75it/s]
Batches:  88%|████████▊ | 4866/5560 [01:35<00:13, 51.89it/s]
Batches:  88%|████████▊ | 4872/5560 [01:35<00:13, 51.94it/s]
Batches:  88%|████████▊ | 4878/5560 [01:35<00:13, 51.76it/s]
Batches:  88%|████████▊ | 4884/5560 [01:35<00:13, 51.87it/s]
Batches:  88%|████████▊ | 4890/5560 [01:35<00:12, 51.87it/s]
Batches:  88%|████████▊ | 4896/5560 [01:35<00:12, 52.05it/s]
Batches:  88%|████████▊ | 4902/5560 [01:35<00:12, 51.94it/s]
Batches:  88%|████████▊ | 4908/5560 [01:36<00:12, 51.87it/s]
Batches:  88%|████████▊ | 4914/5560 [01:36<00:12, 51.98it/s]
Batches:  88%|████████▊ | 4920/5560 [01:36<00:12, 52.01it/s]
Batches:  89%|████████▊ | 4926/5560 [01:36<00:12, 51.92it/s]
Batches:  89%|████████▊ | 4932/5560 [01:36<00:12, 51.94it/s]
Batches:  89%|████████▉ | 4938/5560 [01:36<00:11, 51.89it/s]
Batches:  89%|████████▉ | 4944/5560 [01:36<00:11, 51.90it/s]
Batches:  89%|████████▉ | 4950/5560 [01:36<00:11, 51.92it/s]
Batches:  89%|████████▉ | 4956/5560 [01:37<00:11, 51.77it/s]
Batches:  89%|████████▉ | 4962/5560 [01:37<00:11, 51.84it/s]
Batches:  89%|████████▉ | 4968/5560 [01:37<00:11, 52.09it/s]
Batches:  89%|████████▉ | 4974/5560 [01:37<00:11, 52.06it/s]
Batches:  90%|████████▉ | 4980/5560 [01:37<00:11, 51.93it/s]
Batches:  90%|████████▉ | 4986/5560 [01:37<00:11, 52.10it/s]
Batches:  90%|████████▉ | 4992/5560 [01:37<00:10, 52.29it/s]
Batches:  90%|████████▉ | 4998/5560 [01:37<00:10, 52.32it/s]
Batches:  90%|█████████ | 5004/5560 [01:37<00:10, 52.26it/s]
Batches:  90%|█████████ | 5010/5560 [01:38<00:10, 52.17it/s]
Batches:  90%|█████████ | 5016/5560 [01:38<00:10, 52.16it/s]
Batches:  90%|█████████ | 5022/5560 [01:38<00:10, 51.97it/s]
Batches:  90%|█████████ | 5028/5560 [01:38<00:10, 52.05it/s]
Batches:  91%|█████████ | 5034/5560 [01:38<00:10, 52.16it/s]
Batches:  91%|█████████ | 5040/5560 [01:38<00:09, 52.17it/s]
Batches:  91%|█████████ | 5046/5560 [01:38<00:09, 52.18it/s]
Batches:  91%|█████████ | 5052/5560 [01:38<00:09, 52.32it/s]
Batches:  91%|█████████ | 5058/5560 [01:38<00:09, 52.18it/s]
Batches:  91%|█████████ | 5064/5560 [01:39<00:09, 52.34it/s]
Batches:  91%|█████████ | 5070/5560 [01:39<00:09, 52.22it/s]
Batches:  91%|█████████▏| 5076/5560 [01:39<00:09, 52.19it/s]
Batches:  91%|█████████▏| 5082/5560 [01:39<00:09, 52.11it/s]
Batches:  92%|█████████▏| 5088/5560 [01:39<00:09, 52.05it/s]
Batches:  92%|█████████▏| 5094/5560 [01:39<00:08, 52.10it/s]
Batches:  92%|█████████▏| 5100/5560 [01:39<00:08, 52.02it/s]
Batches:  92%|█████████▏| 5106/5560 [01:39<00:08, 51.97it/s]
Batches:  92%|█████████▏| 5112/5560 [01:40<00:08, 51.95it/s]
Batches:  92%|█████████▏| 5118/5560 [01:40<00:08, 51.86it/s]
Batches:  92%|█████████▏| 5124/5560 [01:40<00:08, 51.91it/s]
Batches:  92%|█████████▏| 5130/5560 [01:40<00:08, 52.09it/s]
Batches:  92%|█████████▏| 5136/5560 [01:40<00:08, 52.00it/s]
Batches:  92%|█████████▏| 5142/5560 [01:40<00:08, 51.87it/s]
Batches:  93%|█████████▎| 5148/5560 [01:40<00:07, 51.99it/s]
Batches:  93%|█████████▎| 5154/5560 [01:40<00:07, 52.16it/s]
Batches:  93%|█████████▎| 5160/5560 [01:40<00:07, 52.15it/s]
Batches:  93%|█████████▎| 5166/5560 [01:41<00:07, 52.11it/s]
Batches:  93%|█████████▎| 5172/5560 [01:41<00:07, 52.19it/s]
Batches:  93%|█████████▎| 5178/5560 [01:41<00:07, 52.24it/s]
Batches:  93%|█████████▎| 5184/5560 [01:41<00:07, 52.19it/s]
Batches:  93%|█████████▎| 5190/5560 [01:41<00:07, 52.12it/s]
Batches:  93%|█████████▎| 5196/5560 [01:41<00:06, 52.20it/s]
Batches:  94%|█████████▎| 5202/5560 [01:41<00:06, 52.17it/s]
Batches:  94%|█████████▎| 5208/5560 [01:41<00:06, 52.38it/s]
Batches:  94%|█████████▍| 5214/5560 [01:41<00:06, 52.30it/s]
Batches:  94%|█████████▍| 5220/5560 [01:42<00:06, 52.12it/s]
Batches:  94%|█████████▍| 5226/5560 [01:42<00:06, 52.02it/s]
Batches:  94%|█████████▍| 5232/5560 [01:42<00:06, 52.06it/s]
Batches:  94%|█████████▍| 5238/5560 [01:42<00:06, 51.97it/s]
Batches:  94%|█████████▍| 5244/5560 [01:42<00:06, 52.08it/s]
Batches:  94%|█████████▍| 5250/5560 [01:42<00:05, 52.24it/s]
Batches:  95%|█████████▍| 5256/5560 [01:42<00:05, 52.37it/s]
Batches:  95%|█████████▍| 5262/5560 [01:42<00:05, 52.20it/s]
Batches:  95%|█████████▍| 5268/5560 [01:43<00:05, 52.30it/s]
Batches:  95%|█████████▍| 5274/5560 [01:43<00:05, 52.27it/s]
Batches:  95%|█████████▍| 5280/5560 [01:43<00:05, 52.22it/s]
Batches:  95%|█████████▌| 5286/5560 [01:43<00:05, 52.16it/s]
Batches:  95%|█████████▌| 5292/5560 [01:43<00:05, 52.28it/s]
Batches:  95%|█████████▌| 5298/5560 [01:43<00:05, 52.26it/s]
Batches:  95%|█████████▌| 5304/5560 [01:43<00:04, 52.28it/s]
Batches:  96%|█████████▌| 5310/5560 [01:43<00:04, 52.28it/s]
Batches:  96%|█████████▌| 5316/5560 [01:43<00:04, 52.34it/s]
Batches:  96%|█████████▌| 5322/5560 [01:44<00:04, 52.18it/s]
Batches:  96%|█████████▌| 5328/5560 [01:44<00:04, 52.28it/s]
Batches:  96%|█████████▌| 5334/5560 [01:44<00:04, 52.08it/s]
Batches:  96%|█████████▌| 5340/5560 [01:44<00:04, 51.88it/s]
Batches:  96%|█████████▌| 5346/5560 [01:44<00:04, 51.77it/s]
Batches:  96%|█████████▋| 5352/5560 [01:44<00:04, 51.67it/s]
Batches:  96%|█████████▋| 5358/5560 [01:44<00:03, 51.60it/s]
Batches:  96%|█████████▋| 5364/5560 [01:44<00:03, 51.59it/s]
Batches:  97%|█████████▋| 5370/5560 [01:44<00:03, 51.61it/s]
Batches:  97%|█████████▋| 5376/5560 [01:45<00:03, 51.60it/s]
Batches:  97%|█████████▋| 5382/5560 [01:45<00:03, 51.71it/s]
Batches:  97%|█████████▋| 5388/5560 [01:45<00:03, 51.77it/s]
Batches:  97%|█████████▋| 5394/5560 [01:45<00:03, 51.85it/s]
Batches:  97%|█████████▋| 5400/5560 [01:45<00:03, 51.78it/s]
Batches:  97%|█████████▋| 5406/5560 [01:45<00:02, 51.70it/s]
Batches:  97%|█████████▋| 5412/5560 [01:45<00:02, 51.74it/s]
Batches:  97%|█████████▋| 5418/5560 [01:45<00:02, 51.78it/s]
Batches:  98%|█████████▊| 5424/5560 [01:46<00:02, 51.85it/s]
Batches:  98%|█████████▊| 5430/5560 [01:46<00:02, 51.79it/s]
Batches:  98%|█████████▊| 5436/5560 [01:46<00:02, 51.79it/s]
Batches:  98%|█████████▊| 5442/5560 [01:46<00:02, 51.80it/s]
Batches:  98%|█████████▊| 5448/5560 [01:46<00:02, 51.80it/s]
Batches:  98%|█████████▊| 5454/5560 [01:46<00:02, 51.70it/s]
Batches:  98%|█████████▊| 5460/5560 [01:46<00:01, 51.73it/s]
Batches:  98%|█████████▊| 5466/5560 [01:46<00:01, 51.78it/s]
Batches:  98%|█████████▊| 5472/5560 [01:46<00:01, 51.78it/s]
Batches:  99%|█████████▊| 5478/5560 [01:47<00:01, 51.73it/s]
Batches:  99%|█████████▊| 5484/5560 [01:47<00:01, 51.74it/s]
Batches:  99%|█████████▊| 5490/5560 [01:47<00:01, 51.76it/s]
Batches:  99%|█████████▉| 5496/5560 [01:47<00:01, 51.79it/s]
Batches:  99%|█████████▉| 5502/5560 [01:47<00:01, 51.75it/s]
Batches:  99%|█████████▉| 5508/5560 [01:47<00:01, 51.80it/s]
Batches:  99%|█████████▉| 5514/5560 [01:47<00:00, 51.83it/s]
Batches:  99%|█████████▉| 5520/5560 [01:47<00:00, 51.85it/s]
Batches:  99%|█████████▉| 5526/5560 [01:47<00:00, 51.76it/s]
Batches:  99%|█████████▉| 5532/5560 [01:48<00:00, 51.77it/s]
Batches: 100%|█████████▉| 5538/5560 [01:48<00:00, 51.80it/s]
Batches: 100%|█████████▉| 5544/5560 [01:48<00:00, 51.86it/s]
Batches: 100%|█████████▉| 5550/5560 [01:48<00:00, 51.83it/s]
Batches: 100%|█████████▉| 5556/5560 [01:48<00:00, 51.88it/s]
Batches: 100%|██████████| 5560/5560 [01:48<00:00, 51.18it/s]

Batches:   0%|          | 0/2152 [00:00<?, ?it/s]
Batches:   0%|          | 5/2152 [00:00<00:50, 42.29it/s]
Batches:   0%|          | 10/2152 [00:00<00:49, 43.58it/s]
Batches:   1%|          | 15/2152 [00:00<00:47, 45.03it/s]
Batches:   1%|          | 20/2152 [00:00<00:46, 45.68it/s]
Batches:   1%|          | 25/2152 [00:00<00:45, 46.36it/s]
Batches:   1%|▏         | 30/2152 [00:00<00:45, 46.52it/s]
Batches:   2%|▏         | 36/2152 [00:00<00:44, 47.56it/s]
Batches:   2%|▏         | 41/2152 [00:00<00:43, 48.06it/s]
Batches:   2%|▏         | 46/2152 [00:00<00:43, 48.33it/s]
Batches:   2%|▏         | 52/2152 [00:01<00:42, 49.10it/s]
Batches:   3%|▎         | 58/2152 [00:01<00:42, 49.61it/s]
Batches:   3%|▎         | 64/2152 [00:01<00:41, 49.91it/s]
Batches:   3%|▎         | 70/2152 [00:01<00:41, 50.13it/s]
Batches:   4%|▎         | 76/2152 [00:01<00:41, 50.38it/s]
Batches:   4%|▍         | 82/2152 [00:01<00:41, 49.91it/s]
Batches:   4%|▍         | 88/2152 [00:01<00:41, 50.23it/s]
Batches:   4%|▍         | 94/2152 [00:01<00:40, 50.38it/s]
Batches:   5%|▍         | 100/2152 [00:02<00:40, 50.59it/s]
Batches:   5%|▍         | 106/2152 [00:02<00:40, 50.63it/s]
Batches:   5%|▌         | 112/2152 [00:02<00:40, 50.81it/s]
Batches:   5%|▌         | 118/2152 [00:02<00:40, 50.84it/s]
Batches:   6%|▌         | 124/2152 [00:02<00:39, 50.96it/s]
Batches:   6%|▌         | 130/2152 [00:02<00:39, 51.05it/s]
Batches:   6%|▋         | 136/2152 [00:02<00:39, 51.06it/s]
Batches:   7%|▋         | 142/2152 [00:02<00:39, 51.04it/s]
Batches:   7%|▋         | 148/2152 [00:02<00:39, 51.15it/s]
Batches:   7%|▋         | 154/2152 [00:03<00:39, 51.23it/s]
Batches:   7%|▋         | 160/2152 [00:03<00:38, 51.28it/s]
Batches:   8%|▊         | 166/2152 [00:03<00:38, 51.25it/s]
Batches:   8%|▊         | 172/2152 [00:03<00:38, 51.25it/s]
Batches:   8%|▊         | 178/2152 [00:03<00:38, 51.28it/s]
Batches:   9%|▊         | 184/2152 [00:03<00:38, 51.31it/s]
Batches:   9%|▉         | 190/2152 [00:03<00:38, 51.13it/s]
Batches:   9%|▉         | 196/2152 [00:03<00:38, 51.13it/s]
Batches:   9%|▉         | 202/2152 [00:04<00:38, 51.15it/s]
Batches:  10%|▉         | 208/2152 [00:04<00:37, 51.18it/s]
Batches:  10%|▉         | 214/2152 [00:04<00:37, 51.14it/s]
Batches:  10%|█         | 220/2152 [00:04<00:37, 51.16it/s]
Batches:  11%|█         | 226/2152 [00:04<00:37, 51.22it/s]
Batches:  11%|█         | 232/2152 [00:04<00:37, 51.27it/s]
Batches:  11%|█         | 238/2152 [00:04<00:37, 51.26it/s]
Batches:  11%|█▏        | 244/2152 [00:04<00:37, 51.31it/s]
Batches:  12%|█▏        | 250/2152 [00:04<00:37, 51.31it/s]
Batches:  12%|█▏        | 256/2152 [00:05<00:36, 51.32it/s]
Batches:  12%|█▏        | 262/2152 [00:05<00:36, 51.32it/s]
Batches:  12%|█▏        | 268/2152 [00:05<00:36, 51.35it/s]
Batches:  13%|█▎        | 274/2152 [00:05<00:36, 51.37it/s]
Batches:  13%|█▎        | 280/2152 [00:05<00:36, 51.37it/s]
Batches:  13%|█▎        | 286/2152 [00:05<00:36, 51.36it/s]
Batches:  14%|█▎        | 292/2152 [00:05<00:36, 51.35it/s]
Batches:  14%|█▍        | 298/2152 [00:05<00:36, 51.40it/s]
Batches:  14%|█▍        | 304/2152 [00:06<00:35, 51.43it/s]
Batches:  14%|█▍        | 310/2152 [00:06<00:35, 51.40it/s]
Batches:  15%|█▍        | 316/2152 [00:06<00:35, 51.43it/s]
Batches:  15%|█▍        | 322/2152 [00:06<00:35, 51.50it/s]
Batches:  15%|█▌        | 328/2152 [00:06<00:35, 51.52it/s]
Batches:  16%|█▌        | 334/2152 [00:06<00:35, 51.47it/s]
Batches:  16%|█▌        | 340/2152 [00:06<00:35, 51.45it/s]
Batches:  16%|█▌        | 346/2152 [00:06<00:35, 51.45it/s]
Batches:  16%|█▋        | 352/2152 [00:06<00:34, 51.43it/s]
Batches:  17%|█▋        | 358/2152 [00:07<00:34, 51.46it/s]
Batches:  17%|█▋        | 364/2152 [00:07<00:34, 51.50it/s]
Batches:  17%|█▋        | 370/2152 [00:07<00:34, 51.50it/s]
Batches:  17%|█▋        | 376/2152 [00:07<00:34, 51.51it/s]
Batches:  18%|█▊        | 382/2152 [00:07<00:34, 51.42it/s]
Batches:  18%|█▊        | 388/2152 [00:07<00:34, 51.44it/s]
Batches:  18%|█▊        | 394/2152 [00:07<00:34, 51.47it/s]
Batches:  19%|█▊        | 400/2152 [00:07<00:34, 51.46it/s]
Batches:  19%|█▉        | 406/2152 [00:08<00:33, 51.44it/s]
Batches:  19%|█▉        | 412/2152 [00:08<00:33, 51.42it/s]
Batches:  19%|█▉        | 418/2152 [00:08<00:33, 51.42it/s]
Batches:  20%|█▉        | 424/2152 [00:08<00:33, 51.42it/s]
Batches:  20%|█▉        | 430/2152 [00:08<00:33, 51.41it/s]
Batches:  20%|██        | 436/2152 [00:08<00:33, 51.44it/s]
Batches:  21%|██        | 442/2152 [00:08<00:33, 51.49it/s]
Batches:  21%|██        | 448/2152 [00:08<00:33, 51.53it/s]
Batches:  21%|██        | 454/2152 [00:08<00:33, 51.45it/s]
Batches:  21%|██▏       | 460/2152 [00:09<00:32, 51.46it/s]
Batches:  22%|██▏       | 466/2152 [00:09<00:32, 51.51it/s]
Batches:  22%|██▏       | 472/2152 [00:09<00:32, 51.56it/s]
Batches:  22%|██▏       | 478/2152 [00:09<00:32, 51.52it/s]
Batches:  22%|██▏       | 484/2152 [00:09<00:32, 51.54it/s]
Batches:  23%|██▎       | 490/2152 [00:09<00:32, 51.54it/s]
Batches:  23%|██▎       | 496/2152 [00:09<00:32, 51.46it/s]
Batches:  23%|██▎       | 502/2152 [00:09<00:32, 51.44it/s]
Batches:  24%|██▎       | 508/2152 [00:09<00:32, 51.37it/s]
Batches:  24%|██▍       | 514/2152 [00:10<00:31, 51.38it/s]
Batches:  24%|██▍       | 520/2152 [00:10<00:31, 51.45it/s]
Batches:  24%|██▍       | 526/2152 [00:10<00:31, 51.45it/s]
Batches:  25%|██▍       | 532/2152 [00:10<00:31, 51.53it/s]
Batches:  25%|██▌       | 538/2152 [00:10<00:31, 51.56it/s]
Batches:  25%|██▌       | 544/2152 [00:10<00:31, 51.49it/s]
Batches:  26%|██▌       | 550/2152 [00:10<00:31, 51.43it/s]
Batches:  26%|██▌       | 556/2152 [00:10<00:30, 51.53it/s]
Batches:  26%|██▌       | 562/2152 [00:11<00:30, 51.50it/s]
Batches:  26%|██▋       | 568/2152 [00:11<00:30, 51.56it/s]
Batches:  27%|██▋       | 574/2152 [00:11<00:30, 51.49it/s]
Batches:  27%|██▋       | 580/2152 [00:11<00:30, 51.34it/s]
Batches:  27%|██▋       | 586/2152 [00:11<00:30, 51.43it/s]
Batches:  28%|██▊       | 592/2152 [00:11<00:30, 51.48it/s]
Batches:  28%|██▊       | 598/2152 [00:11<00:30, 51.51it/s]
Batches:  28%|██▊       | 604/2152 [00:11<00:30, 51.54it/s]
Batches:  28%|██▊       | 610/2152 [00:11<00:29, 51.51it/s]
Batches:  29%|██▊       | 616/2152 [00:12<00:29, 51.55it/s]
Batches:  29%|██▉       | 622/2152 [00:12<00:29, 51.58it/s]
Batches:  29%|██▉       | 628/2152 [00:12<00:29, 51.50it/s]
Batches:  29%|██▉       | 634/2152 [00:12<00:29, 51.50it/s]
Batches:  30%|██▉       | 640/2152 [00:12<00:29, 51.56it/s]
Batches:  30%|███       | 646/2152 [00:12<00:29, 51.44it/s]
Batches:  30%|███       | 652/2152 [00:12<00:29, 51.52it/s]
Batches:  31%|███       | 658/2152 [00:12<00:29, 51.46it/s]
Batches:  31%|███       | 664/2152 [00:13<00:28, 51.54it/s]
Batches:  31%|███       | 670/2152 [00:13<00:28, 51.38it/s]
Batches:  31%|███▏      | 676/2152 [00:13<00:28, 51.42it/s]
Batches:  32%|███▏      | 682/2152 [00:13<00:28, 51.41it/s]
Batches:  32%|███▏      | 688/2152 [00:13<00:28, 51.42it/s]
Batches:  32%|███▏      | 694/2152 [00:13<00:28, 51.53it/s]
Batches:  33%|███▎      | 700/2152 [00:13<00:28, 51.51it/s]
Batches:  33%|███▎      | 706/2152 [00:13<00:28, 51.42it/s]
Batches:  33%|███▎      | 712/2152 [00:13<00:27, 51.46it/s]
Batches:  33%|███▎      | 718/2152 [00:14<00:27, 51.25it/s]
Batches:  34%|███▎      | 724/2152 [00:14<00:27, 51.28it/s]
Batches:  34%|███▍      | 730/2152 [00:14<00:27, 51.45it/s]
Batches:  34%|███▍      | 736/2152 [00:14<00:27, 51.42it/s]
Batches:  34%|███▍      | 742/2152 [00:14<00:27, 51.40it/s]
Batches:  35%|███▍      | 748/2152 [00:14<00:27, 51.40it/s]
Batches:  35%|███▌      | 754/2152 [00:14<00:27, 51.36it/s]
Batches:  35%|███▌      | 760/2152 [00:14<00:27, 51.38it/s]
Batches:  36%|███▌      | 766/2152 [00:15<00:26, 51.40it/s]
Batches:  36%|███▌      | 772/2152 [00:15<00:26, 51.31it/s]
Batches:  36%|███▌      | 778/2152 [00:15<00:26, 51.33it/s]
Batches:  36%|███▋      | 784/2152 [00:15<00:26, 51.42it/s]
Batches:  37%|███▋      | 790/2152 [00:15<00:26, 51.26it/s]
Batches:  37%|███▋      | 796/2152 [00:15<00:26, 51.10it/s]
Batches:  37%|███▋      | 802/2152 [00:15<00:26, 51.11it/s]
Batches:  38%|███▊      | 808/2152 [00:15<00:26, 51.21it/s]
Batches:  38%|███▊      | 814/2152 [00:15<00:26, 51.23it/s]
Batches:  38%|███▊      | 820/2152 [00:16<00:25, 51.31it/s]
Batches:  38%|███▊      | 826/2152 [00:16<00:25, 51.34it/s]
Batches:  39%|███▊      | 832/2152 [00:16<00:25, 51.47it/s]
Batches:  39%|███▉      | 838/2152 [00:16<00:25, 51.24it/s]
Batches:  39%|███▉      | 844/2152 [00:16<00:25, 51.37it/s]
Batches:  39%|███▉      | 850/2152 [00:16<00:25, 51.35it/s]
Batches:  40%|███▉      | 856/2152 [00:16<00:25, 51.35it/s]
Batches:  40%|████      | 862/2152 [00:16<00:25, 51.27it/s]
Batches:  40%|████      | 868/2152 [00:16<00:25, 51.28it/s]
Batches:  41%|████      | 874/2152 [00:17<00:24, 51.45it/s]
Batches:  41%|████      | 880/2152 [00:17<00:24, 51.36it/s]
Batches:  41%|████      | 886/2152 [00:17<00:24, 51.34it/s]
Batches:  41%|████▏     | 892/2152 [00:17<00:24, 51.19it/s]
Batches:  42%|████▏     | 898/2152 [00:17<00:24, 51.06it/s]
Batches:  42%|████▏     | 904/2152 [00:17<00:24, 51.24it/s]
Batches:  42%|████▏     | 910/2152 [00:17<00:24, 51.16it/s]
Batches:  43%|████▎     | 916/2152 [00:17<00:24, 51.18it/s]
Batches:  43%|████▎     | 922/2152 [00:18<00:24, 51.24it/s]
Batches:  43%|████▎     | 928/2152 [00:18<00:23, 51.21it/s]
Batches:  43%|████▎     | 934/2152 [00:18<00:23, 51.08it/s]
Batches:  44%|████▎     | 940/2152 [00:18<00:23, 51.18it/s]
Batches:  44%|████▍     | 946/2152 [00:18<00:23, 51.17it/s]
Batches:  44%|████▍     | 952/2152 [00:18<00:23, 51.27it/s]
Batches:  45%|████▍     | 958/2152 [00:18<00:23, 51.15it/s]
Batches:  45%|████▍     | 964/2152 [00:18<00:23, 51.15it/s]
Batches:  45%|████▌     | 970/2152 [00:18<00:23, 51.05it/s]
Batches:  45%|████▌     | 976/2152 [00:19<00:22, 51.21it/s]
Batches:  46%|████▌     | 982/2152 [00:19<00:22, 51.29it/s]
Batches:  46%|████▌     | 988/2152 [00:19<00:22, 51.22it/s]
Batches:  46%|████▌     | 994/2152 [00:19<00:22, 51.23it/s]
Batches:  46%|████▋     | 1000/2152 [00:19<00:22, 51.17it/s]
Batches:  47%|████▋     | 1006/2152 [00:19<00:22, 51.15it/s]
Batches:  47%|████▋     | 1012/2152 [00:19<00:22, 51.07it/s]
Batches:  47%|████▋     | 1018/2152 [00:19<00:22, 50.96it/s]
Batches:  48%|████▊     | 1024/2152 [00:20<00:22, 50.97it/s]
Batches:  48%|████▊     | 1030/2152 [00:20<00:22, 50.99it/s]
Batches:  48%|████▊     | 1036/2152 [00:20<00:21, 51.00it/s]
Batches:  48%|████▊     | 1042/2152 [00:20<00:21, 51.03it/s]
Batches:  49%|████▊     | 1048/2152 [00:20<00:21, 50.94it/s]
Batches:  49%|████▉     | 1054/2152 [00:20<00:21, 50.93it/s]
Batches:  49%|████▉     | 1060/2152 [00:20<00:21, 50.88it/s]
Batches:  50%|████▉     | 1066/2152 [00:20<00:21, 50.89it/s]
Batches:  50%|████▉     | 1072/2152 [00:20<00:21, 50.89it/s]
Batches:  50%|█████     | 1078/2152 [00:21<00:21, 50.83it/s]
Batches:  50%|█████     | 1084/2152 [00:21<00:20, 50.94it/s]
Batches:  51%|█████     | 1090/2152 [00:21<00:20, 50.99it/s]
Batches:  51%|█████     | 1096/2152 [00:21<00:20, 51.03it/s]
Batches:  51%|█████     | 1102/2152 [00:21<00:20, 50.96it/s]
Batches:  51%|█████▏    | 1108/2152 [00:21<00:20, 50.99it/s]
Batches:  52%|█████▏    | 1114/2152 [00:21<00:20, 51.06it/s]
Batches:  52%|█████▏    | 1120/2152 [00:21<00:20, 51.06it/s]
Batches:  52%|█████▏    | 1126/2152 [00:22<00:20, 51.10it/s]
Batches:  53%|█████▎    | 1132/2152 [00:22<00:19, 51.07it/s]
Batches:  53%|█████▎    | 1138/2152 [00:22<00:19, 51.00it/s]
Batches:  53%|█████▎    | 1144/2152 [00:22<00:19, 50.99it/s]
Batches:  53%|█████▎    | 1150/2152 [00:22<00:19, 51.02it/s]
Batches:  54%|█████▎    | 1156/2152 [00:22<00:19, 50.95it/s]
Batches:  54%|█████▍    | 1162/2152 [00:22<00:19, 50.93it/s]
Batches:  54%|█████▍    | 1168/2152 [00:22<00:19, 50.95it/s]
Batches:  55%|█████▍    | 1174/2152 [00:22<00:19, 50.97it/s]
Batches:  55%|█████▍    | 1180/2152 [00:23<00:19, 51.01it/s]
Batches:  55%|█████▌    | 1186/2152 [00:23<00:18, 51.14it/s]
Batches:  55%|█████▌    | 1192/2152 [00:23<00:18, 51.23it/s]
Batches:  56%|█████▌    | 1198/2152 [00:23<00:18, 51.12it/s]
Batches:  56%|█████▌    | 1204/2152 [00:23<00:18, 51.05it/s]
Batches:  56%|█████▌    | 1210/2152 [00:23<00:18, 51.06it/s]
Batches:  57%|█████▋    | 1216/2152 [00:23<00:18, 51.10it/s]
Batches:  57%|█████▋    | 1222/2152 [00:23<00:18, 51.06it/s]
Batches:  57%|█████▋    | 1228/2152 [00:24<00:18, 51.01it/s]
Batches:  57%|█████▋    | 1234/2152 [00:24<00:17, 51.00it/s]
Batches:  58%|█████▊    | 1240/2152 [00:24<00:17, 50.98it/s]
Batches:  58%|█████▊    | 1246/2152 [00:24<00:17, 51.01it/s]
Batches:  58%|█████▊    | 1252/2152 [00:24<00:17, 51.00it/s]
Batches:  58%|█████▊    | 1258/2152 [00:24<00:17, 50.99it/s]
Batches:  59%|█████▊    | 1264/2152 [00:24<00:17, 51.04it/s]
Batches:  59%|█████▉    | 1270/2152 [00:24<00:17, 50.84it/s]
Batches:  59%|█████▉    | 1276/2152 [00:24<00:17, 50.94it/s]
Batches:  60%|█████▉    | 1282/2152 [00:25<00:17, 51.07it/s]
Batches:  60%|█████▉    | 1288/2152 [00:25<00:16, 51.02it/s]
Batches:  60%|██████    | 1294/2152 [00:25<00:16, 50.94it/s]
Batches:  60%|██████    | 1300/2152 [00:25<00:16, 50.97it/s]
Batches:  61%|██████    | 1306/2152 [00:25<00:16, 50.95it/s]
Batches:  61%|██████    | 1312/2152 [00:25<00:16, 51.01it/s]
Batches:  61%|██████    | 1318/2152 [00:25<00:16, 51.20it/s]
Batches:  62%|██████▏   | 1324/2152 [00:25<00:16, 51.33it/s]
Batches:  62%|██████▏   | 1330/2152 [00:26<00:16, 51.19it/s]
Batches:  62%|██████▏   | 1336/2152 [00:26<00:15, 51.12it/s]
Batches:  62%|██████▏   | 1342/2152 [00:26<00:15, 51.04it/s]
Batches:  63%|██████▎   | 1348/2152 [00:26<00:15, 51.02it/s]
Batches:  63%|██████▎   | 1354/2152 [00:26<00:15, 51.09it/s]
Batches:  63%|██████▎   | 1360/2152 [00:26<00:15, 51.10it/s]
Batches:  63%|██████▎   | 1366/2152 [00:26<00:15, 51.03it/s]
Batches:  64%|██████▍   | 1372/2152 [00:26<00:15, 51.08it/s]
Batches:  64%|██████▍   | 1378/2152 [00:26<00:15, 51.11it/s]
Batches:  64%|██████▍   | 1384/2152 [00:27<00:15, 51.05it/s]
Batches:  65%|██████▍   | 1390/2152 [00:27<00:14, 50.97it/s]
Batches:  65%|██████▍   | 1396/2152 [00:27<00:14, 51.01it/s]
Batches:  65%|██████▌   | 1402/2152 [00:27<00:14, 51.03it/s]
Batches:  65%|██████▌   | 1408/2152 [00:27<00:14, 51.00it/s]
Batches:  66%|██████▌   | 1414/2152 [00:27<00:14, 50.98it/s]
Batches:  66%|██████▌   | 1420/2152 [00:27<00:14, 50.96it/s]
Batches:  66%|██████▋   | 1426/2152 [00:27<00:14, 50.96it/s]
Batches:  67%|██████▋   | 1432/2152 [00:28<00:14, 50.93it/s]
Batches:  67%|██████▋   | 1438/2152 [00:28<00:14, 50.90it/s]
Batches:  67%|██████▋   | 1444/2152 [00:28<00:13, 50.90it/s]
Batches:  67%|██████▋   | 1450/2152 [00:28<00:13, 50.94it/s]
Batches:  68%|██████▊   | 1456/2152 [00:28<00:13, 50.96it/s]
Batches:  68%|██████▊   | 1462/2152 [00:28<00:13, 50.90it/s]
Batches:  68%|██████▊   | 1468/2152 [00:28<00:13, 50.92it/s]
Batches:  68%|██████▊   | 1474/2152 [00:28<00:13, 50.94it/s]
Batches:  69%|██████▉   | 1480/2152 [00:28<00:13, 50.95it/s]
Batches:  69%|██████▉   | 1486/2152 [00:29<00:13, 50.92it/s]
Batches:  69%|██████▉   | 1492/2152 [00:29<00:12, 51.03it/s]
Batches:  70%|██████▉   | 1498/2152 [00:29<00:12, 51.04it/s]
Batches:  70%|██████▉   | 1504/2152 [00:29<00:12, 51.03it/s]
Batches:  70%|███████   | 1510/2152 [00:29<00:12, 51.01it/s]
Batches:  70%|███████   | 1516/2152 [00:29<00:12, 51.03it/s]
Batches:  71%|███████   | 1522/2152 [00:29<00:12, 51.02it/s]
Batches:  71%|███████   | 1528/2152 [00:29<00:12, 51.01it/s]
Batches:  71%|███████▏  | 1534/2152 [00:30<00:12, 50.93it/s]
Batches:  72%|███████▏  | 1540/2152 [00:30<00:11, 51.05it/s]
Batches:  72%|███████▏  | 1546/2152 [00:30<00:11, 51.09it/s]
Batches:  72%|███████▏  | 1552/2152 [00:30<00:11, 51.04it/s]
Batches:  72%|███████▏  | 1558/2152 [00:30<00:11, 50.98it/s]
Batches:  73%|███████▎  | 1564/2152 [00:30<00:11, 50.98it/s]
Batches:  73%|███████▎  | 1570/2152 [00:30<00:11, 51.01it/s]
Batches:  73%|███████▎  | 1576/2152 [00:30<00:11, 51.02it/s]
Batches:  74%|███████▎  | 1582/2152 [00:30<00:11, 50.98it/s]
Batches:  74%|███████▍  | 1588/2152 [00:31<00:11, 50.98it/s]
Batches:  74%|███████▍  | 1594/2152 [00:31<00:10, 50.96it/s]
Batches:  74%|███████▍  | 1600/2152 [00:31<00:10, 50.98it/s]
Batches:  75%|███████▍  | 1606/2152 [00:31<00:10, 50.94it/s]
Batches:  75%|███████▍  | 1612/2152 [00:31<00:10, 50.95it/s]
Batches:  75%|███████▌  | 1618/2152 [00:31<00:10, 50.97it/s]
Batches:  75%|███████▌  | 1624/2152 [00:31<00:10, 50.96it/s]
Batches:  76%|███████▌  | 1630/2152 [00:31<00:10, 50.89it/s]
Batches:  76%|███████▌  | 1636/2152 [00:32<00:10, 50.99it/s]
Batches:  76%|███████▋  | 1642/2152 [00:32<00:10, 50.99it/s]
Batches:  77%|███████▋  | 1648/2152 [00:32<00:09, 50.97it/s]
Batches:  77%|███████▋  | 1654/2152 [00:32<00:09, 50.95it/s]
Batches:  77%|███████▋  | 1660/2152 [00:32<00:09, 50.99it/s]
Batches:  77%|███████▋  | 1666/2152 [00:32<00:09, 51.04it/s]
Batches:  78%|███████▊  | 1672/2152 [00:32<00:09, 51.06it/s]
Batches:  78%|███████▊  | 1678/2152 [00:32<00:09, 50.95it/s]
Batches:  78%|███████▊  | 1684/2152 [00:32<00:09, 51.00it/s]
Batches:  79%|███████▊  | 1690/2152 [00:33<00:09, 51.00it/s]
Batches:  79%|███████▉  | 1696/2152 [00:33<00:08, 51.03it/s]
Batches:  79%|███████▉  | 1702/2152 [00:33<00:08, 51.01it/s]
Batches:  79%|███████▉  | 1708/2152 [00:33<00:08, 51.01it/s]
Batches:  80%|███████▉  | 1714/2152 [00:33<00:08, 51.02it/s]
Batches:  80%|███████▉  | 1720/2152 [00:33<00:08, 51.05it/s]
Batches:  80%|████████  | 1726/2152 [00:33<00:08, 51.00it/s]
Batches:  80%|████████  | 1732/2152 [00:33<00:08, 51.05it/s]
Batches:  81%|████████  | 1738/2152 [00:34<00:08, 51.06it/s]
Batches:  81%|████████  | 1744/2152 [00:34<00:07, 51.09it/s]
Batches:  81%|████████▏ | 1750/2152 [00:34<00:07, 51.03it/s]
Batches:  82%|████████▏ | 1756/2152 [00:34<00:07, 51.09it/s]
Batches:  82%|████████▏ | 1762/2152 [00:34<00:07, 51.11it/s]
Batches:  82%|████████▏ | 1768/2152 [00:34<00:07, 51.10it/s]
Batches:  82%|████████▏ | 1774/2152 [00:34<00:07, 51.04it/s]
Batches:  83%|████████▎ | 1780/2152 [00:34<00:07, 51.03it/s]
Batches:  83%|████████▎ | 1786/2152 [00:34<00:07, 51.04it/s]
Batches:  83%|████████▎ | 1792/2152 [00:35<00:07, 51.08it/s]
Batches:  84%|████████▎ | 1798/2152 [00:35<00:06, 51.04it/s]
Batches:  84%|████████▍ | 1804/2152 [00:35<00:06, 51.02it/s]
Batches:  84%|████████▍ | 1810/2152 [00:35<00:06, 51.04it/s]
Batches:  84%|████████▍ | 1816/2152 [00:35<00:06, 51.05it/s]
Batches:  85%|████████▍ | 1822/2152 [00:35<00:06, 50.99it/s]
Batches:  85%|████████▍ | 1828/2152 [00:35<00:06, 51.02it/s]
Batches:  85%|████████▌ | 1834/2152 [00:35<00:06, 51.03it/s]
Batches:  86%|████████▌ | 1840/2152 [00:36<00:06, 51.03it/s]
Batches:  86%|████████▌ | 1846/2152 [00:36<00:06, 50.99it/s]
Batches:  86%|████████▌ | 1852/2152 [00:36<00:05, 51.01it/s]
Batches:  86%|████████▋ | 1858/2152 [00:36<00:05, 51.04it/s]
Batches:  87%|████████▋ | 1864/2152 [00:36<00:05, 51.04it/s]
Batches:  87%|████████▋ | 1870/2152 [00:36<00:05, 51.01it/s]
Batches:  87%|████████▋ | 1876/2152 [00:36<00:05, 51.03it/s]
Batches:  87%|████████▋ | 1882/2152 [00:36<00:05, 50.71it/s]
Batches:  88%|████████▊ | 1888/2152 [00:36<00:05, 50.79it/s]
Batches:  88%|████████▊ | 1894/2152 [00:37<00:05, 50.82it/s]
Batches:  88%|████████▊ | 1900/2152 [00:37<00:04, 50.86it/s]
Batches:  89%|████████▊ | 1906/2152 [00:37<00:04, 50.92it/s]
Batches:  89%|████████▉ | 1912/2152 [00:37<00:04, 51.03it/s]
Batches:  89%|████████▉ | 1918/2152 [00:37<00:04, 51.01it/s]
Batches:  89%|████████▉ | 1924/2152 [00:37<00:04, 51.03it/s]
Batches:  90%|████████▉ | 1930/2152 [00:37<00:04, 51.07it/s]
Batches:  90%|████████▉ | 1936/2152 [00:37<00:04, 51.11it/s]
Batches:  90%|█████████ | 1942/2152 [00:38<00:04, 51.06it/s]
Batches:  91%|█████████ | 1948/2152 [00:38<00:03, 51.10it/s]
Batches:  91%|█████████ | 1954/2152 [00:38<00:03, 51.15it/s]
Batches:  91%|█████████ | 1960/2152 [00:38<00:03, 51.15it/s]
Batches:  91%|█████████▏| 1966/2152 [00:38<00:03, 51.10it/s]
Batches:  92%|█████████▏| 1972/2152 [00:38<00:03, 51.13it/s]
Batches:  92%|█████████▏| 1978/2152 [00:38<00:03, 51.15it/s]
Batches:  92%|█████████▏| 1984/2152 [00:38<00:03, 51.20it/s]
Batches:  92%|█████████▏| 1990/2152 [00:38<00:03, 51.12it/s]
Batches:  93%|█████████▎| 1996/2152 [00:39<00:03, 51.13it/s]
Batches:  93%|█████████▎| 2002/2152 [00:39<00:02, 51.11it/s]
Batches:  93%|█████████▎| 2008/2152 [00:39<00:02, 51.17it/s]
Batches:  94%|█████████▎| 2014/2152 [00:39<00:02, 51.17it/s]
Batches:  94%|█████████▍| 2020/2152 [00:39<00:02, 51.18it/s]
Batches:  94%|█████████▍| 2026/2152 [00:39<00:02, 51.25it/s]
Batches:  94%|█████████▍| 2032/2152 [00:39<00:02, 51.28it/s]
Batches:  95%|█████████▍| 2038/2152 [00:39<00:02, 51.22it/s]
Batches:  95%|█████████▍| 2044/2152 [00:40<00:02, 51.25it/s]
Batches:  95%|█████████▌| 2050/2152 [00:40<00:01, 51.24it/s]
Batches:  96%|█████████▌| 2056/2152 [00:40<00:01, 51.27it/s]
Batches:  96%|█████████▌| 2062/2152 [00:40<00:01, 51.26it/s]
Batches:  96%|█████████▌| 2068/2152 [00:40<00:01, 51.31it/s]
Batches:  96%|█████████▋| 2074/2152 [00:40<00:01, 51.38it/s]
Batches:  97%|█████████▋| 2080/2152 [00:40<00:01, 51.41it/s]
Batches:  97%|█████████▋| 2086/2152 [00:40<00:01, 51.35it/s]
Batches:  97%|█████████▋| 2092/2152 [00:40<00:01, 51.39it/s]
Batches:  97%|█████████▋| 2098/2152 [00:41<00:01, 51.42it/s]
Batches:  98%|█████████▊| 2104/2152 [00:41<00:00, 51.46it/s]
Batches:  98%|█████████▊| 2110/2152 [00:41<00:00, 51.38it/s]
Batches:  98%|█████████▊| 2116/2152 [00:41<00:00, 51.38it/s]
Batches:  99%|█████████▊| 2122/2152 [00:41<00:00, 51.39it/s]
Batches:  99%|█████████▉| 2128/2152 [00:41<00:00, 51.43it/s]
Batches:  99%|█████████▉| 2134/2152 [00:41<00:00, 51.40it/s]
Batches:  99%|█████████▉| 2140/2152 [00:41<00:00, 51.43it/s]
Batches: 100%|█████████▉| 2146/2152 [00:42<00:00, 51.65it/s]
Batches: 100%|██████████| 2152/2152 [00:42<00:00, 51.75it/s]
Batches: 100%|██████████| 2152/2152 [00:42<00:00, 51.07it/s]
/var/spool/slurmd/job66254564/slurm_script: line 46: 761929 Killed                  python pipeline_retrieval.py --model "${MODEL}"
[2026-03-23T17:38:28.872] error: Detected 1 oom_kill event in StepId=66254564.batch. Some of the step tasks have been OOM Killed.
sbatch --export=ALL,MODEL=Qwen3EmbeddingRetrieval --mem=200G pipeline_retrieval.batch
